-- phpMyAdmin SQL Dump
-- version 4.9.0.1
-- https://www.phpmyadmin.net/
--
-- Host: 127.0.0.1
-- Generation Time: Oct 07, 2019 at 09:21 PM
-- Server version: 10.3.16-MariaDB
-- PHP Version: 7.3.6

SET SQL_MODE = "NO_AUTO_VALUE_ON_ZERO";
SET AUTOCOMMIT = 0;
START TRANSACTION;
SET time_zone = "+00:00";


/*!40101 SET @OLD_CHARACTER_SET_CLIENT=@@CHARACTER_SET_CLIENT */;
/*!40101 SET @OLD_CHARACTER_SET_RESULTS=@@CHARACTER_SET_RESULTS */;
/*!40101 SET @OLD_COLLATION_CONNECTION=@@COLLATION_CONNECTION */;
/*!40101 SET NAMES utf8mb4 */;

--
-- Database: `shopshoe`
--

-- --------------------------------------------------------

--
-- Table structure for table `bill_export`
--

CREATE TABLE `bill_export` (
  `id` int(11) UNSIGNED NOT NULL,
  `id_usermakebill` int(11) UNSIGNED NOT NULL,
  `id_user` int(11) UNSIGNED NOT NULL,
  `phone` int(11) NOT NULL,
  `totalmoney` int(11) NOT NULL,
  `payment` varchar(255) CHARACTER SET utf8mb4 COLLATE utf8mb4_unicode_ci NOT NULL,
  `note` varchar(255) CHARACTER SET utf8mb4 COLLATE utf8mb4_unicode_ci NOT NULL,
  `status` int(11) NOT NULL DEFAULT 0,
  `address` varchar(255) DEFAULT NULL,
  `created_at` datetime DEFAULT current_timestamp(),
  `updated_at` datetime DEFAULT current_timestamp()
) ENGINE=InnoDB DEFAULT CHARSET=utf8;

--
-- Dumping data for table `bill_export`
--

INSERT INTO `bill_export` (`id`, `id_usermakebill`, `id_user`, `phone`, `totalmoney`, `payment`, `note`, `status`, `address`, `created_at`, `updated_at`) VALUES
(1, 2, 1, 355394422, 1700000, '1', 'Giao Hang Som', 1, '177-tay son', '2019-09-26 08:45:41', '2019-09-26 08:45:41');

-- --------------------------------------------------------

--
-- Table structure for table `bill_import`
--

CREATE TABLE `bill_import` (
  `id` int(11) UNSIGNED NOT NULL,
  `id_supplier` int(11) UNSIGNED NOT NULL,
  `id_user` int(11) UNSIGNED NOT NULL,
  `totalmoney` int(11) NOT NULL,
  `payment` varchar(60) CHARACTER SET utf8mb4 COLLATE utf8mb4_unicode_ci NOT NULL,
  `note` varchar(255) CHARACTER SET utf8mb4 COLLATE utf8mb4_unicode_ci NOT NULL,
  `created_at` datetime DEFAULT current_timestamp(),
  `updated_at` datetime DEFAULT current_timestamp()
) ENGINE=InnoDB DEFAULT CHARSET=utf8;

--
-- Dumping data for table `bill_import`
--

INSERT INTO `bill_import` (`id`, `id_supplier`, `id_user`, `totalmoney`, `payment`, `note`, `created_at`, `updated_at`) VALUES
(1, 1, 1, 45000000, '1', 'Nhập giày lần 1', '2019-09-26 08:29:25', '2019-09-26 08:29:25'),
(2, 1, 2, 5000000, '2', 'Nhanh', '2019-09-26 10:00:15', '2019-09-26 10:00:15');

-- --------------------------------------------------------

--
-- Table structure for table `categories_product`
--

CREATE TABLE `categories_product` (
  `id` int(11) UNSIGNED NOT NULL,
  `name` varchar(255) CHARACTER SET utf8mb4 COLLATE utf8mb4_unicode_ci NOT NULL,
  `id_parent` int(11) UNSIGNED NOT NULL,
  `slug` varchar(255) CHARACTER SET utf8mb4 COLLATE utf8mb4_unicode_ci NOT NULL,
  `description` varchar(255) CHARACTER SET utf8mb4 COLLATE utf8mb4_unicode_ci NOT NULL,
  `status` int(11) NOT NULL DEFAULT 1,
  `created_at` datetime DEFAULT current_timestamp(),
  `updated_at` datetime DEFAULT current_timestamp()
) ENGINE=InnoDB DEFAULT CHARSET=utf8;

--
-- Dumping data for table `categories_product`
--

INSERT INTO `categories_product` (`id`, `name`, `id_parent`, `slug`, `description`, `status`, `created_at`, `updated_at`) VALUES
(1, 'ADIDAS', 0, 'ADIDAS', 'ADIDAS', 1, '2019-09-11 09:52:33', '2019-09-11 09:52:33'),
(2, 'NIKE', 0, 'NIKE', 'NIKE', 1, '2019-09-11 09:52:33', '2019-09-11 09:52:33'),
(3, 'LUXURY', 0, 'LUXURY', 'LUXURY', 1, '2019-09-11 09:52:33', '2019-09-11 09:52:33'),
(4, 'CONVERSE', 0, 'CONVERSE', 'CONVERSE', 1, '2019-09-11 09:52:33', '2019-09-11 09:52:33'),
(5, 'TIMBERLAND', 0, 'TIMBERLAND', 'TIMBERLAND', 1, '2019-09-11 09:52:33', '2019-09-11 09:52:33'),
(6, 'Yeezy', 1, 'Yeezy', 'Yeezy', 1, '2019-09-11 09:54:35', '2019-09-11 09:54:35'),
(7, 'Ultra Boost', 1, 'Ultra Boost', 'Ultra Boost', 1, '2019-09-11 09:54:35', '2019-09-11 09:54:35'),
(8, 'Stan Smith', 1, 'Stan Smith', 'Stan Smith', 1, '2019-09-11 09:54:35', '2019-09-11 09:54:35'),
(9, 'Alpha Bounce', 1, 'Alpha Bounce', 'Alpha Bounce', 1, '2019-09-11 09:54:35', '2019-09-11 09:54:35'),
(10, 'Sandal', 1, 'Sandal', 'Sandal', 1, '2019-09-11 09:54:35', '2019-09-11 09:54:35'),
(11, 'Jordan', 2, 'Jordan', 'Jordan', 1, '2019-09-11 09:56:33', '2019-09-11 09:56:33'),
(12, 'Air Force', 2, 'Air Force', 'Air Force', 1, '2019-09-11 09:56:33', '2019-09-11 09:56:33'),
(13, 'Max', 2, 'Max', 'Max', 1, '2019-09-11 09:56:33', '2019-09-11 09:56:33'),
(14, 'Zoom', 2, 'Zoom', 'Zoom', 1, '2019-09-11 09:56:33', '2019-09-11 09:56:33'),
(15, 'Huarache', 2, 'Huarache', 'Huarache', 1, '2019-09-11 09:56:33', '2019-09-11 09:56:33'),
(16, 'Balenciaga', 3, 'Balenciaga', 'Balenciaga', 1, '2019-09-11 09:58:02', '2019-09-11 09:58:02'),
(17, 'Gucci', 3, 'Gucci', 'Gucci', 1, '2019-09-11 09:58:02', '2019-09-11 09:58:02'),
(18, 'Fila', 3, 'Fila', 'Fila', 1, '2019-09-11 09:58:02', '2019-09-11 09:58:02'),
(19, 'McQueen', 3, 'McQueen', 'McQueen', 1, '2019-09-11 09:58:02', '2019-09-11 09:58:02'),
(20, 'Dior', 3, 'Dior', 'Dior', 1, '2019-09-11 09:58:02', '2019-09-11 09:58:02'),
(24, 'Bitits', 3, 'bitits', 'Bitits 123', 0, '2019-09-18 22:42:48', '2019-09-18 23:03:46'),
(25, 'Van', 4, 'van', 'Van', 0, '2019-09-19 09:47:45', '2019-09-27 21:05:17');

-- --------------------------------------------------------

--
-- Table structure for table `detail_bill_export`
--

CREATE TABLE `detail_bill_export` (
  `id` int(11) UNSIGNED NOT NULL,
  `id_bill_export` int(11) UNSIGNED NOT NULL,
  `id_detail_product` int(11) UNSIGNED NOT NULL,
  `quanlity` int(11) NOT NULL,
  `price` int(11) NOT NULL,
  `status` int(11) NOT NULL DEFAULT 0,
  `created_at` datetime DEFAULT current_timestamp(),
  `updated_at` datetime DEFAULT current_timestamp()
) ENGINE=InnoDB DEFAULT CHARSET=utf8;

--
-- Dumping data for table `detail_bill_export`
--

INSERT INTO `detail_bill_export` (`id`, `id_bill_export`, `id_detail_product`, `quanlity`, `price`, `status`, `created_at`, `updated_at`) VALUES
(1, 1, 5, 1, 1700000, 0, '2019-09-26 08:58:59', '2019-09-26 08:58:59');

-- --------------------------------------------------------

--
-- Table structure for table `detail_bill_import`
--

CREATE TABLE `detail_bill_import` (
  `id` int(11) UNSIGNED NOT NULL,
  `id_bill_import` int(11) UNSIGNED NOT NULL,
  `id_detail_product` int(11) UNSIGNED NOT NULL,
  `quanlity` int(11) NOT NULL,
  `price` int(11) NOT NULL,
  `created_at` datetime DEFAULT current_timestamp(),
  `updated_at` datetime DEFAULT current_timestamp()
) ENGINE=InnoDB DEFAULT CHARSET=utf8;

--
-- Dumping data for table `detail_bill_import`
--

INSERT INTO `detail_bill_import` (`id`, `id_bill_import`, `id_detail_product`, `quanlity`, `price`, `created_at`, `updated_at`) VALUES
(1, 1, 5, 10, 1000000, '2019-09-26 08:53:06', '2019-09-26 08:53:06'),
(2, 1, 6, 10, 1000000, '2019-09-26 08:53:30', '2019-09-26 08:53:30'),
(3, 1, 7, 10, 1000000, '2019-09-26 08:57:21', '2019-09-26 08:57:21'),
(4, 1, 8, 10, 1000000, '2019-09-26 08:57:21', '2019-09-26 08:57:21'),
(5, 1, 9, 10, 1000000, '2019-09-26 09:19:33', '2019-09-26 09:19:33'),
(6, 1, 10, 10, 1000000, '2019-09-26 09:20:58', '2019-09-26 09:20:58'),
(7, 1, 11, 10, 1000000, '2019-09-26 09:20:58', '2019-09-26 09:20:58'),
(8, 1, 12, 10, 1000000, '2019-09-26 09:20:58', '2019-09-26 09:20:58'),
(9, 1, 13, 10, 1000000, '2019-09-26 09:20:58', '2019-09-26 09:20:58'),
(10, 1, 14, 10, 1000000, '2019-09-26 09:20:58', '2019-09-26 09:20:58'),
(11, 1, 15, 5, 2500000, '2019-09-26 09:57:00', '2019-09-26 09:57:00'),
(12, 1, 16, 5, 2500000, '2019-09-26 09:57:00', '2019-09-26 09:57:00'),
(13, 1, 17, 5, 2500000, '2019-09-26 09:57:00', '2019-09-26 09:57:00'),
(14, 1, 18, 5, 2500000, '2019-09-26 09:57:00', '2019-09-26 09:57:00'),
(15, 1, 19, 5, 2500000, '2019-09-26 09:57:00', '2019-09-26 09:57:00'),
(16, 1, 20, 5, 2500000, '2019-09-26 09:58:02', '2019-09-26 09:58:02'),
(17, 1, 21, 5, 2500000, '2019-09-26 09:58:02', '2019-09-26 09:58:02'),
(18, 1, 22, 5, 2500000, '2019-09-26 09:58:02', '2019-09-26 09:58:02'),
(19, 1, 23, 5, 2500000, '2019-09-26 09:58:02', '2019-09-26 09:58:02'),
(21, 1, 20, 5, 2500000, '2019-09-26 09:58:10', '2019-09-26 09:58:10'),
(22, 1, 21, 5, 2500000, '2019-09-26 09:58:10', '2019-09-26 09:58:10'),
(23, 1, 22, 5, 2500000, '2019-09-26 09:58:10', '2019-09-26 09:58:10'),
(24, 1, 23, 5, 2500000, '2019-09-26 09:58:10', '2019-09-26 09:58:10'),
(25, 1, 24, 5, 2500000, '2019-09-26 09:58:10', '2019-09-26 09:58:10'),
(26, 2, 25, 5, 1000000, '2019-09-26 10:02:50', '2019-09-26 10:02:50'),
(27, 2, 26, 5, 1000000, '2019-09-26 10:02:50', '2019-09-26 10:02:50'),
(28, 2, 27, 5, 1000000, '2019-09-26 10:02:50', '2019-09-26 10:02:50'),
(29, 2, 28, 5, 1000000, '2019-09-26 10:02:50', '2019-09-26 10:02:50'),
(30, 2, 29, 5, 1000000, '2019-09-26 10:02:50', '2019-09-26 10:02:50');

-- --------------------------------------------------------

--
-- Table structure for table `detail_product`
--

CREATE TABLE `detail_product` (
  `id` int(11) UNSIGNED NOT NULL,
  `id_product` int(11) UNSIGNED NOT NULL,
  `id_size` int(11) UNSIGNED NOT NULL,
  `quanlity` int(11) NOT NULL,
  `created_at` datetime DEFAULT current_timestamp(),
  `updated_at` datetime DEFAULT current_timestamp()
) ENGINE=InnoDB DEFAULT CHARSET=utf8;

--
-- Dumping data for table `detail_product`
--

INSERT INTO `detail_product` (`id`, `id_product`, `id_size`, `quanlity`, `created_at`, `updated_at`) VALUES
(5, 1, 1, 10, '2019-09-13 19:06:17', '2019-09-13 19:06:17'),
(6, 1, 2, 10, '2019-09-13 19:06:17', '2019-09-13 19:06:17'),
(7, 1, 3, 10, '2019-09-13 19:06:17', '2019-09-13 19:06:17'),
(8, 1, 4, 10, '2019-09-13 19:06:17', '2019-09-13 19:06:17'),
(9, 1, 5, 10, '2019-09-13 19:06:17', '2019-09-13 19:06:17'),
(10, 2, 1, 10, '2019-09-13 19:06:17', '2019-09-13 19:06:17'),
(11, 2, 2, 10, '2019-09-13 19:06:17', '2019-09-13 19:06:17'),
(12, 2, 3, 10, '2019-09-13 19:06:17', '2019-09-13 19:06:17'),
(13, 2, 4, 10, '2019-09-13 19:06:17', '2019-09-13 19:06:17'),
(14, 2, 5, 10, '2019-09-13 19:06:17', '2019-09-13 19:06:17'),
(15, 3, 1, 5, '2019-09-13 19:06:17', '2019-09-13 19:06:17'),
(16, 3, 2, 5, '2019-09-13 19:06:17', '2019-09-13 19:06:17'),
(17, 3, 3, 5, '2019-09-13 19:06:17', '2019-09-13 19:06:17'),
(18, 3, 4, 5, '2019-09-13 19:06:17', '2019-09-13 19:06:17'),
(19, 3, 5, 5, '2019-09-13 19:06:17', '2019-09-13 19:06:17'),
(20, 4, 1, 5, '2019-09-13 19:06:17', '2019-09-13 19:06:17'),
(21, 4, 2, 5, '2019-09-13 19:06:17', '2019-09-13 19:06:17'),
(22, 4, 3, 5, '2019-09-13 19:06:17', '2019-09-13 19:06:17'),
(23, 4, 4, 5, '2019-09-13 19:06:17', '2019-09-13 19:06:17'),
(24, 4, 5, 5, '2019-09-13 19:06:17', '2019-09-13 19:06:17'),
(25, 5, 1, 5, '2019-09-13 19:06:17', '2019-09-13 19:06:17'),
(26, 5, 2, 5, '2019-09-13 19:06:17', '2019-09-13 19:06:17'),
(27, 5, 3, 5, '2019-09-13 19:06:17', '2019-09-13 19:06:17'),
(28, 5, 4, 5, '2019-09-13 19:06:17', '2019-09-13 19:06:17'),
(29, 5, 5, 5, '2019-09-13 19:06:17', '2019-09-13 19:06:17'),
(30, 6, 1, 5, '2019-09-13 19:06:17', '2019-09-13 19:06:17'),
(31, 6, 2, 5, '2019-09-13 19:06:17', '2019-09-13 19:06:17'),
(32, 6, 3, 5, '2019-09-13 19:06:17', '2019-09-13 19:06:17'),
(33, 6, 4, 5, '2019-09-13 19:06:17', '2019-09-13 19:06:17'),
(34, 6, 5, 5, '2019-09-13 19:06:17', '2019-09-13 19:06:17'),
(35, 7, 1, 5, '2019-09-13 19:06:17', '2019-09-13 19:06:17'),
(36, 7, 2, 5, '2019-09-13 19:06:17', '2019-09-13 19:06:17'),
(37, 7, 3, 5, '2019-09-13 19:06:17', '2019-09-13 19:06:17'),
(38, 7, 4, 5, '2019-09-13 19:06:17', '2019-09-13 19:06:17'),
(39, 7, 5, 5, '2019-09-13 19:06:17', '2019-09-13 19:06:17'),
(40, 8, 1, 5, '2019-09-13 19:06:17', '2019-09-13 19:06:17'),
(41, 8, 2, 5, '2019-09-13 19:06:17', '2019-09-13 19:06:17'),
(42, 8, 3, 5, '2019-09-13 19:06:17', '2019-09-13 19:06:17'),
(43, 8, 4, 5, '2019-09-13 19:06:17', '2019-09-13 19:06:17'),
(44, 8, 5, 5, '2019-09-13 19:06:17', '2019-09-13 19:06:17'),
(45, 9, 1, 5, '2019-09-13 19:06:17', '2019-09-13 19:06:17'),
(46, 9, 2, 5, '2019-09-13 19:06:17', '2019-09-13 19:06:17'),
(47, 9, 3, 5, '2019-09-13 19:06:17', '2019-09-13 19:06:17'),
(48, 9, 4, 5, '2019-09-13 19:06:17', '2019-09-13 19:06:17'),
(49, 9, 5, 5, '2019-09-13 19:06:17', '2019-09-13 19:06:17'),
(50, 10, 1, 5, '2019-09-13 19:06:17', '2019-09-13 19:06:17'),
(51, 10, 2, 5, '2019-09-13 19:06:17', '2019-09-13 19:06:17'),
(52, 10, 3, 5, '2019-09-13 19:06:17', '2019-09-13 19:06:17'),
(53, 10, 4, 5, '2019-09-13 19:06:17', '2019-09-13 19:06:17'),
(54, 10, 5, 5, '2019-09-13 19:06:17', '2019-09-13 19:06:17'),
(57, 11, 2, 5, '2019-09-14 08:38:51', '2019-09-14 08:38:51'),
(58, 11, 3, 5, '2019-09-14 08:38:51', '2019-09-14 08:38:51'),
(59, 11, 4, 5, '2019-09-14 08:38:51', '2019-09-14 08:38:51'),
(60, 12, 1, 5, '2019-09-14 08:38:51', '2019-09-14 08:38:51'),
(61, 12, 2, 5, '2019-09-14 08:38:51', '2019-09-14 08:38:51'),
(62, 12, 3, 5, '2019-09-14 08:38:51', '2019-09-14 08:38:51'),
(63, 12, 4, 5, '2019-09-14 08:38:51', '2019-09-14 08:38:51'),
(64, 12, 5, 5, '2019-09-14 08:38:51', '2019-09-14 08:38:51'),
(67, 13, 1, 5, '2019-09-14 08:41:43', '2019-09-14 08:41:43'),
(68, 13, 2, 5, '2019-09-14 08:41:43', '2019-09-14 08:41:43'),
(69, 13, 3, 5, '2019-09-14 08:41:43', '2019-09-14 08:41:43'),
(70, 13, 4, 5, '2019-09-14 08:41:43', '2019-09-14 08:41:43'),
(71, 13, 5, 5, '2019-09-14 08:41:43', '2019-09-14 08:41:43'),
(72, 14, 1, 5, '2019-09-14 08:41:43', '2019-09-14 08:41:43'),
(73, 14, 2, 5, '2019-09-14 08:41:43', '2019-09-14 08:41:43'),
(74, 14, 3, 5, '2019-09-14 08:41:43', '2019-09-14 08:41:43'),
(75, 14, 4, 5, '2019-09-14 08:41:43', '2019-09-14 08:41:43'),
(76, 14, 5, 5, '2019-09-14 08:41:43', '2019-09-14 08:41:43'),
(77, 15, 1, 5, '2019-09-14 08:41:43', '2019-09-14 08:41:43'),
(78, 15, 2, 5, '2019-09-14 08:41:43', '2019-09-14 08:41:43'),
(79, 15, 3, 5, '2019-09-14 08:41:43', '2019-09-14 08:41:43'),
(80, 15, 4, 5, '2019-09-14 08:41:43', '2019-09-14 08:41:43'),
(81, 15, 5, 5, '2019-09-14 08:41:43', '2019-09-14 08:41:43'),
(82, 16, 1, 5, '2019-09-14 08:41:43', '2019-09-14 08:41:43'),
(83, 16, 2, 5, '2019-09-14 08:41:43', '2019-09-14 08:41:43'),
(84, 16, 3, 5, '2019-09-14 08:41:43', '2019-09-14 08:41:43'),
(85, 16, 4, 5, '2019-09-14 08:41:43', '2019-09-14 08:41:43'),
(86, 16, 5, 5, '2019-09-14 08:41:43', '2019-09-14 08:41:43'),
(87, 17, 1, 5, '2019-09-14 08:41:43', '2019-09-14 08:41:43'),
(88, 17, 2, 5, '2019-09-14 08:41:43', '2019-09-14 08:41:43'),
(89, 17, 3, 5, '2019-09-14 08:41:43', '2019-09-14 08:41:43'),
(90, 17, 4, 5, '2019-09-14 08:41:43', '2019-09-14 08:41:43'),
(91, 17, 5, 5, '2019-09-14 08:41:43', '2019-09-14 08:41:43'),
(92, 18, 1, 5, '2019-09-14 08:41:44', '2019-09-14 08:41:44'),
(93, 18, 2, 5, '2019-09-14 08:41:44', '2019-09-14 08:41:44'),
(94, 19, 3, 5, '2019-09-14 08:41:44', '2019-09-14 08:41:44'),
(95, 19, 4, 5, '2019-09-14 08:41:44', '2019-09-14 08:41:44'),
(96, 19, 5, 5, '2019-09-14 08:41:44', '2019-09-14 08:41:44'),
(97, 20, 1, 5, '2019-09-14 08:41:44', '2019-09-14 08:41:44'),
(98, 20, 2, 5, '2019-09-14 08:41:44', '2019-09-14 08:41:44'),
(99, 20, 3, 5, '2019-09-14 08:41:44', '2019-09-14 08:41:44'),
(100, 20, 4, 5, '2019-09-14 08:41:44', '2019-09-14 08:41:44'),
(101, 20, 5, 5, '2019-09-14 08:41:44', '2019-09-14 08:41:44'),
(102, 21, 1, 5, '2019-09-14 08:44:38', '2019-09-14 08:44:38'),
(103, 21, 2, 5, '2019-09-14 08:44:38', '2019-09-14 08:44:38'),
(104, 21, 3, 5, '2019-09-14 08:44:38', '2019-09-14 08:44:38'),
(105, 21, 4, 5, '2019-09-14 08:44:38', '2019-09-14 08:44:38'),
(106, 21, 5, 5, '2019-09-14 08:44:38', '2019-09-14 08:44:38'),
(107, 22, 1, 5, '2019-09-14 08:44:38', '2019-09-14 08:44:38'),
(108, 22, 2, 5, '2019-09-14 08:44:38', '2019-09-14 08:44:38'),
(109, 23, 3, 5, '2019-09-14 08:44:38', '2019-09-14 08:44:38'),
(110, 23, 4, 5, '2019-09-14 08:44:38', '2019-09-14 08:44:38'),
(112, 24, 1, 5, '2019-09-14 08:44:38', '2019-09-14 08:44:38'),
(113, 24, 2, 5, '2019-09-14 08:44:38', '2019-09-14 08:44:38'),
(114, 24, 3, 5, '2019-09-14 08:44:38', '2019-09-14 08:44:38'),
(115, 24, 4, 5, '2019-09-14 08:44:38', '2019-09-14 08:44:38'),
(116, 24, 5, 5, '2019-09-14 08:44:38', '2019-09-14 08:44:38'),
(117, 25, 1, 5, '2019-09-14 08:44:38', '2019-09-14 08:44:38'),
(118, 25, 2, 5, '2019-09-14 08:44:38', '2019-09-14 08:44:38'),
(119, 25, 3, 5, '2019-09-14 08:44:38', '2019-09-14 08:44:38'),
(120, 26, 4, 5, '2019-09-14 08:44:38', '2019-09-14 08:44:38'),
(121, 26, 5, 5, '2019-09-14 08:44:38', '2019-09-14 08:44:38'),
(122, 27, 1, 5, '2019-09-14 08:44:38', '2019-09-14 08:44:38'),
(123, 27, 2, 5, '2019-09-14 08:44:38', '2019-09-14 08:44:38'),
(124, 27, 3, 5, '2019-09-14 08:44:38', '2019-09-14 08:44:38'),
(125, 27, 4, 5, '2019-09-14 08:44:38', '2019-09-14 08:44:38'),
(126, 27, 5, 5, '2019-09-14 08:44:38', '2019-09-14 08:44:38'),
(127, 28, 1, 5, '2019-09-14 08:44:38', '2019-09-14 08:44:38'),
(128, 28, 2, 5, '2019-09-14 08:44:38', '2019-09-14 08:44:38'),
(129, 28, 3, 5, '2019-09-14 08:44:38', '2019-09-14 08:44:38'),
(130, 28, 4, 5, '2019-09-14 08:44:39', '2019-09-14 08:44:39'),
(131, 28, 5, 5, '2019-09-14 08:44:39', '2019-09-14 08:44:39'),
(132, 29, 1, 5, '2019-09-14 08:44:39', '2019-09-14 08:44:39'),
(133, 29, 2, 5, '2019-09-14 08:44:39', '2019-09-14 08:44:39'),
(134, 29, 3, 5, '2019-09-14 08:44:39', '2019-09-14 08:44:39'),
(135, 30, 4, 5, '2019-09-14 08:44:39', '2019-09-14 08:44:39'),
(136, 30, 5, 5, '2019-09-14 08:44:39', '2019-09-14 08:44:39'),
(137, 31, 1, 5, '2019-09-14 08:47:55', '2019-09-14 08:47:55'),
(138, 31, 2, 5, '2019-09-14 08:47:55', '2019-09-14 08:47:55'),
(139, 31, 3, 5, '2019-09-14 08:47:55', '2019-09-14 08:47:55'),
(140, 31, 4, 5, '2019-09-14 08:47:55', '2019-09-14 08:47:55'),
(141, 31, 5, 5, '2019-09-14 08:47:55', '2019-09-14 08:47:55'),
(142, 32, 1, 5, '2019-09-14 08:47:55', '2019-09-14 08:47:55'),
(143, 32, 2, 5, '2019-09-14 08:47:55', '2019-09-14 08:47:55'),
(144, 32, 3, 5, '2019-09-14 08:47:55', '2019-09-14 08:47:55'),
(145, 32, 4, 5, '2019-09-14 08:47:55', '2019-09-14 08:47:55'),
(146, 32, 5, 5, '2019-09-14 08:47:55', '2019-09-14 08:47:55'),
(147, 33, 1, 5, '2019-09-14 08:47:55', '2019-09-14 08:47:55'),
(148, 33, 2, 5, '2019-09-14 08:47:55', '2019-09-14 08:47:55'),
(149, 33, 3, 5, '2019-09-14 08:47:55', '2019-09-14 08:47:55'),
(150, 34, 4, 5, '2019-09-14 08:47:55', '2019-09-14 08:47:55'),
(151, 34, 5, 5, '2019-09-14 08:47:55', '2019-09-14 08:47:55'),
(152, 35, 1, 5, '2019-09-14 08:47:55', '2019-09-14 08:47:55'),
(153, 35, 2, 5, '2019-09-14 08:47:55', '2019-09-14 08:47:55'),
(154, 35, 3, 5, '2019-09-14 08:47:55', '2019-09-14 08:47:55'),
(155, 35, 4, 5, '2019-09-14 08:47:55', '2019-09-14 08:47:55'),
(156, 35, 5, 5, '2019-09-14 08:47:55', '2019-09-14 08:47:55'),
(157, 36, 1, 5, '2019-09-14 08:47:55', '2019-09-14 08:47:55'),
(158, 36, 2, 5, '2019-09-14 08:47:55', '2019-09-14 08:47:55'),
(159, 37, 3, 5, '2019-09-14 08:47:55', '2019-09-14 08:47:55'),
(160, 37, 4, 5, '2019-09-14 08:47:55', '2019-09-14 08:47:55'),
(161, 37, 5, 5, '2019-09-14 08:47:55', '2019-09-14 08:47:55'),
(162, 38, 1, 5, '2019-09-14 08:47:55', '2019-09-14 08:47:55'),
(163, 38, 2, 5, '2019-09-14 08:47:56', '2019-09-14 08:47:56'),
(164, 38, 3, 5, '2019-09-14 08:47:56', '2019-09-14 08:47:56'),
(165, 38, 4, 5, '2019-09-14 08:47:56', '2019-09-14 08:47:56'),
(166, 38, 5, 5, '2019-09-14 08:47:56', '2019-09-14 08:47:56'),
(167, 39, 1, 5, '2019-09-14 08:47:56', '2019-09-14 08:47:56'),
(168, 39, 2, 5, '2019-09-14 08:47:56', '2019-09-14 08:47:56'),
(169, 39, 3, 5, '2019-09-14 08:47:56', '2019-09-14 08:47:56'),
(170, 40, 4, 5, '2019-09-14 08:47:56', '2019-09-14 08:47:56'),
(171, 40, 5, 5, '2019-09-14 08:47:56', '2019-09-14 08:47:56'),
(172, 41, 1, 5, '2019-09-14 08:49:07', '2019-09-14 08:49:07'),
(173, 41, 2, 5, '2019-09-14 08:49:07', '2019-09-14 08:49:07'),
(174, 41, 3, 5, '2019-09-14 08:49:07', '2019-09-14 08:49:07'),
(175, 41, 4, 5, '2019-09-14 08:49:07', '2019-09-14 08:49:07'),
(176, 41, 5, 5, '2019-09-14 08:49:07', '2019-09-14 08:49:07'),
(177, 42, 1, 5, '2019-09-14 08:49:07', '2019-09-14 08:49:07'),
(178, 42, 2, 5, '2019-09-14 08:49:07', '2019-09-14 08:49:07'),
(179, 42, 3, 5, '2019-09-14 08:49:07', '2019-09-14 08:49:07'),
(180, 42, 4, 5, '2019-09-14 08:49:07', '2019-09-14 08:49:07'),
(181, 42, 5, 5, '2019-09-14 08:49:07', '2019-09-14 08:49:07'),
(182, 43, 1, 5, '2019-09-14 08:49:07', '2019-09-14 08:49:07'),
(183, 43, 2, 5, '2019-09-14 08:49:07', '2019-09-14 08:49:07'),
(184, 43, 3, 5, '2019-09-14 08:49:07', '2019-09-14 08:49:07'),
(185, 44, 4, 5, '2019-09-14 08:49:07', '2019-09-14 08:49:07'),
(186, 44, 5, 5, '2019-09-14 08:49:07', '2019-09-14 08:49:07'),
(187, 45, 1, 5, '2019-09-14 08:49:08', '2019-09-14 08:49:08'),
(188, 45, 2, 5, '2019-09-14 08:49:08', '2019-09-14 08:49:08'),
(189, 45, 3, 5, '2019-09-14 08:49:08', '2019-09-14 08:49:08'),
(190, 45, 4, 5, '2019-09-14 08:49:08', '2019-09-14 08:49:08'),
(191, 45, 5, 5, '2019-09-14 08:49:08', '2019-09-14 08:49:08'),
(192, 46, 1, 5, '2019-09-14 08:49:08', '2019-09-14 08:49:08'),
(193, 46, 2, 5, '2019-09-14 08:49:08', '2019-09-14 08:49:08'),
(194, 47, 3, 5, '2019-09-14 08:49:08', '2019-09-14 08:49:08'),
(195, 47, 4, 5, '2019-09-14 08:49:08', '2019-09-14 08:49:08'),
(196, 47, 5, 5, '2019-09-14 08:49:08', '2019-09-14 08:49:08'),
(197, 48, 1, 5, '2019-09-14 08:49:08', '2019-09-14 08:49:08'),
(198, 48, 2, 5, '2019-09-14 08:49:08', '2019-09-14 08:49:08'),
(199, 48, 3, 5, '2019-09-14 08:49:08', '2019-09-14 08:49:08'),
(200, 48, 4, 5, '2019-09-14 08:49:08', '2019-09-14 08:49:08'),
(201, 48, 5, 5, '2019-09-14 08:49:08', '2019-09-14 08:49:08'),
(202, 49, 1, 5, '2019-09-14 08:49:08', '2019-09-14 08:49:08'),
(203, 49, 2, 5, '2019-09-14 08:49:08', '2019-09-14 08:49:08'),
(204, 49, 3, 5, '2019-09-14 08:49:08', '2019-09-14 08:49:08'),
(205, 59, 1, 5, '2019-09-29 16:45:42', '2019-09-29 16:45:42'),
(206, 59, 2, 5, '2019-09-29 16:45:42', '2019-09-29 16:45:42'),
(207, 59, 3, 5, '2019-09-29 16:46:49', '2019-09-29 16:46:49'),
(208, 59, 4, 5, '2019-09-29 16:46:50', '2019-09-29 16:46:50'),
(209, 59, 5, 5, '2019-09-29 16:46:50', '2019-09-29 16:46:50'),
(210, 60, 1, 5, '2019-09-29 16:51:49', '2019-09-29 16:51:49'),
(211, 60, 2, 5, '2019-09-29 16:51:49', '2019-09-29 16:51:49'),
(212, 60, 3, 5, '2019-09-29 16:51:49', '2019-09-29 16:51:49'),
(213, 60, 4, 5, '2019-09-29 16:51:49', '2019-09-29 16:51:49'),
(214, 60, 5, 5, '2019-09-29 16:51:49', '2019-09-29 16:51:49'),
(215, 61, 1, 5, '2019-09-29 16:51:49', '2019-09-29 16:51:49'),
(216, 61, 2, 5, '2019-09-29 16:51:49', '2019-09-29 16:51:49'),
(217, 61, 3, 5, '2019-09-29 16:51:49', '2019-09-29 16:51:49'),
(218, 61, 4, 5, '2019-09-29 16:51:49', '2019-09-29 16:51:49'),
(219, 61, 5, 5, '2019-09-29 16:51:49', '2019-09-29 16:51:49'),
(220, 62, 1, 5, '2019-09-29 16:51:49', '2019-09-29 16:51:49'),
(221, 62, 2, 5, '2019-09-29 16:51:49', '2019-09-29 16:51:49'),
(222, 62, 3, 5, '2019-09-29 16:51:49', '2019-09-29 16:51:49'),
(223, 62, 4, 5, '2019-09-29 16:51:49', '2019-09-29 16:51:49'),
(224, 62, 5, 5, '2019-09-29 16:51:49', '2019-09-29 16:51:49'),
(225, 63, 1, 5, '2019-09-29 16:51:49', '2019-09-29 16:51:49'),
(226, 63, 2, 5, '2019-09-29 16:51:49', '2019-09-29 16:51:49'),
(227, 63, 3, 5, '2019-09-29 16:51:49', '2019-09-29 16:51:49'),
(228, 63, 4, 5, '2019-09-29 16:51:49', '2019-09-29 16:51:49'),
(229, 63, 5, 5, '2019-09-29 16:51:49', '2019-09-29 16:51:49'),
(230, 64, 1, 5, '2019-09-29 16:51:49', '2019-09-29 16:51:49'),
(231, 64, 2, 5, '2019-09-29 16:51:49', '2019-09-29 16:51:49'),
(232, 64, 3, 5, '2019-09-29 16:51:49', '2019-09-29 16:51:49'),
(233, 64, 4, 5, '2019-09-29 16:51:49', '2019-09-29 16:51:49'),
(234, 64, 5, 5, '2019-09-29 16:51:49', '2019-09-29 16:51:49'),
(235, 65, 1, 5, '2019-09-29 16:51:49', '2019-09-29 16:51:49'),
(236, 65, 2, 5, '2019-09-29 16:51:49', '2019-09-29 16:51:49'),
(237, 65, 3, 5, '2019-09-29 16:51:49', '2019-09-29 16:51:49'),
(238, 65, 4, 5, '2019-09-29 16:51:49', '2019-09-29 16:51:49'),
(239, 65, 5, 5, '2019-09-29 16:51:49', '2019-09-29 16:51:49'),
(240, 71, 1, 5, '2019-09-29 16:51:49', '2019-09-29 16:51:49'),
(241, 71, 2, 5, '2019-09-29 16:51:49', '2019-09-29 16:51:49'),
(242, 71, 3, 5, '2019-09-29 16:51:49', '2019-09-29 16:51:49'),
(243, 71, 4, 5, '2019-09-29 16:51:49', '2019-09-29 16:51:49'),
(244, 71, 5, 5, '2019-09-29 16:51:49', '2019-09-29 16:51:49'),
(245, 72, 1, 5, '2019-09-29 16:51:49', '2019-09-29 16:51:49'),
(246, 72, 2, 5, '2019-09-29 16:51:49', '2019-09-29 16:51:49'),
(247, 72, 3, 5, '2019-09-29 16:51:49', '2019-09-29 16:51:49'),
(248, 72, 4, 5, '2019-09-29 16:51:49', '2019-09-29 16:51:49'),
(249, 72, 5, 5, '2019-09-29 16:51:49', '2019-09-29 16:51:49'),
(250, 73, 1, 5, '2019-09-29 16:51:49', '2019-09-29 16:51:49'),
(251, 73, 2, 5, '2019-09-29 16:51:49', '2019-09-29 16:51:49'),
(252, 73, 3, 5, '2019-09-29 16:51:49', '2019-09-29 16:51:49'),
(253, 73, 4, 5, '2019-09-29 16:51:49', '2019-09-29 16:51:49'),
(254, 73, 5, 5, '2019-09-29 16:51:49', '2019-09-29 16:51:49'),
(255, 74, 1, 5, '2019-09-29 16:51:49', '2019-09-29 16:51:49'),
(256, 74, 2, 5, '2019-09-29 16:51:49', '2019-09-29 16:51:49'),
(257, 74, 3, 5, '2019-09-29 16:51:49', '2019-09-29 16:51:49'),
(258, 74, 4, 5, '2019-09-29 16:51:49', '2019-09-29 16:51:49'),
(259, 74, 5, 5, '2019-09-29 16:51:49', '2019-09-29 16:51:49'),
(260, 75, 1, 5, '2019-09-29 16:51:49', '2019-09-29 16:51:49'),
(261, 75, 2, 5, '2019-09-29 16:51:49', '2019-09-29 16:51:49'),
(262, 75, 3, 5, '2019-09-29 16:51:49', '2019-09-29 16:51:49'),
(263, 75, 4, 5, '2019-09-29 16:51:49', '2019-09-29 16:51:49'),
(264, 75, 5, 5, '2019-09-29 16:51:49', '2019-09-29 16:51:49'),
(265, 76, 1, 5, '2019-09-29 16:51:49', '2019-09-29 16:51:49'),
(266, 76, 2, 5, '2019-09-29 16:51:49', '2019-09-29 16:51:49'),
(267, 76, 3, 5, '2019-09-29 16:51:49', '2019-09-29 16:51:49'),
(268, 76, 4, 5, '2019-09-29 16:51:49', '2019-09-29 16:51:49'),
(269, 76, 5, 5, '2019-09-29 16:51:49', '2019-09-29 16:51:49'),
(270, 77, 1, 5, '2019-09-29 16:51:49', '2019-09-29 16:51:49'),
(271, 77, 2, 5, '2019-09-29 16:51:49', '2019-09-29 16:51:49'),
(272, 77, 3, 5, '2019-09-29 16:51:49', '2019-09-29 16:51:49'),
(273, 77, 4, 5, '2019-09-29 16:51:49', '2019-09-29 16:51:49'),
(274, 77, 5, 5, '2019-09-29 16:51:49', '2019-09-29 16:51:49'),
(275, 78, 1, 5, '2019-09-29 16:51:49', '2019-09-29 16:51:49'),
(276, 78, 2, 5, '2019-09-29 16:51:49', '2019-09-29 16:51:49'),
(277, 78, 3, 5, '2019-09-29 16:51:49', '2019-09-29 16:51:49'),
(278, 78, 4, 5, '2019-09-29 16:51:49', '2019-09-29 16:51:49'),
(279, 78, 5, 5, '2019-09-29 16:51:49', '2019-09-29 16:51:49'),
(280, 79, 1, 5, '2019-09-29 16:51:49', '2019-09-29 16:51:49'),
(281, 79, 2, 5, '2019-09-29 16:51:49', '2019-09-29 16:51:49'),
(282, 79, 3, 5, '2019-09-29 16:51:49', '2019-09-29 16:51:49'),
(283, 79, 4, 5, '2019-09-29 16:51:49', '2019-09-29 16:51:49'),
(284, 79, 5, 5, '2019-09-29 16:51:49', '2019-09-29 16:51:49'),
(285, 80, 1, 5, '2019-09-29 16:55:59', '2019-09-29 16:55:59'),
(286, 80, 2, 5, '2019-09-29 16:55:59', '2019-09-29 16:55:59'),
(287, 80, 3, 5, '2019-09-29 16:55:59', '2019-09-29 16:55:59'),
(288, 80, 4, 5, '2019-09-29 16:55:59', '2019-09-29 16:55:59'),
(289, 80, 5, 5, '2019-09-29 16:55:59', '2019-09-29 16:55:59'),
(290, 81, 1, 5, '2019-09-29 16:55:59', '2019-09-29 16:55:59'),
(291, 81, 2, 5, '2019-09-29 16:55:59', '2019-09-29 16:55:59'),
(292, 81, 3, 5, '2019-09-29 16:55:59', '2019-09-29 16:55:59'),
(293, 81, 4, 5, '2019-09-29 16:55:59', '2019-09-29 16:55:59'),
(294, 81, 5, 5, '2019-09-29 16:55:59', '2019-09-29 16:55:59'),
(295, 82, 1, 5, '2019-09-29 16:55:59', '2019-09-29 16:55:59'),
(296, 82, 2, 5, '2019-09-29 16:55:59', '2019-09-29 16:55:59'),
(297, 82, 3, 5, '2019-09-29 16:55:59', '2019-09-29 16:55:59'),
(298, 82, 4, 5, '2019-09-29 16:55:59', '2019-09-29 16:55:59'),
(299, 82, 5, 5, '2019-09-29 16:55:59', '2019-09-29 16:55:59'),
(300, 83, 1, 5, '2019-09-29 16:55:59', '2019-09-29 16:55:59'),
(301, 83, 2, 5, '2019-09-29 16:55:59', '2019-09-29 16:55:59'),
(302, 83, 3, 5, '2019-09-29 16:55:59', '2019-09-29 16:55:59'),
(303, 83, 4, 5, '2019-09-29 16:55:59', '2019-09-29 16:55:59'),
(304, 83, 5, 5, '2019-09-29 16:55:59', '2019-09-29 16:55:59'),
(305, 84, 1, 5, '2019-09-29 16:55:59', '2019-09-29 16:55:59'),
(306, 84, 2, 5, '2019-09-29 16:55:59', '2019-09-29 16:55:59'),
(307, 84, 3, 5, '2019-09-29 16:55:59', '2019-09-29 16:55:59'),
(308, 84, 4, 5, '2019-09-29 16:55:59', '2019-09-29 16:55:59'),
(309, 84, 5, 5, '2019-09-29 16:55:59', '2019-09-29 16:55:59'),
(310, 85, 1, 5, '2019-09-29 16:55:59', '2019-09-29 16:55:59'),
(311, 85, 2, 5, '2019-09-29 16:55:59', '2019-09-29 16:55:59'),
(312, 85, 3, 5, '2019-09-29 16:55:59', '2019-09-29 16:55:59'),
(313, 85, 4, 5, '2019-09-29 16:55:59', '2019-09-29 16:55:59'),
(314, 85, 5, 5, '2019-09-29 16:55:59', '2019-09-29 16:55:59'),
(315, 86, 1, 5, '2019-09-29 16:55:59', '2019-09-29 16:55:59'),
(316, 86, 2, 5, '2019-09-29 16:55:59', '2019-09-29 16:55:59'),
(317, 86, 3, 5, '2019-09-29 16:55:59', '2019-09-29 16:55:59'),
(318, 86, 4, 5, '2019-09-29 16:55:59', '2019-09-29 16:55:59'),
(319, 86, 5, 5, '2019-09-29 16:55:59', '2019-09-29 16:55:59'),
(320, 87, 1, 5, '2019-09-29 16:55:59', '2019-09-29 16:55:59'),
(321, 87, 2, 5, '2019-09-29 16:55:59', '2019-09-29 16:55:59'),
(322, 87, 3, 5, '2019-09-29 16:55:59', '2019-09-29 16:55:59'),
(323, 87, 4, 5, '2019-09-29 16:55:59', '2019-09-29 16:55:59'),
(324, 87, 5, 5, '2019-09-29 16:55:59', '2019-09-29 16:55:59'),
(325, 88, 1, 5, '2019-09-29 16:55:59', '2019-09-29 16:55:59'),
(326, 88, 2, 5, '2019-09-29 16:55:59', '2019-09-29 16:55:59'),
(327, 88, 3, 5, '2019-09-29 16:55:59', '2019-09-29 16:55:59'),
(328, 88, 4, 5, '2019-09-29 16:56:00', '2019-09-29 16:56:00'),
(329, 88, 5, 5, '2019-09-29 16:56:00', '2019-09-29 16:56:00'),
(330, 89, 1, 5, '2019-09-29 16:56:00', '2019-09-29 16:56:00'),
(331, 89, 2, 5, '2019-09-29 16:56:00', '2019-09-29 16:56:00'),
(332, 89, 3, 5, '2019-09-29 16:56:00', '2019-09-29 16:56:00'),
(333, 89, 4, 5, '2019-09-29 16:56:00', '2019-09-29 16:56:00'),
(334, 89, 5, 5, '2019-09-29 16:56:00', '2019-09-29 16:56:00'),
(335, 90, 1, 5, '2019-09-29 16:57:20', '2019-09-29 16:57:20'),
(336, 90, 2, 5, '2019-09-29 16:57:20', '2019-09-29 16:57:20'),
(337, 90, 3, 5, '2019-09-29 16:57:20', '2019-09-29 16:57:20'),
(338, 90, 4, 5, '2019-09-29 16:57:20', '2019-09-29 16:57:20'),
(339, 90, 5, 5, '2019-09-29 16:57:20', '2019-09-29 16:57:20'),
(340, 91, 1, 5, '2019-09-29 16:57:20', '2019-09-29 16:57:20'),
(341, 91, 2, 5, '2019-09-29 16:57:20', '2019-09-29 16:57:20'),
(342, 91, 3, 5, '2019-09-29 16:57:20', '2019-09-29 16:57:20'),
(343, 91, 4, 5, '2019-09-29 16:57:20', '2019-09-29 16:57:20'),
(344, 91, 5, 5, '2019-09-29 16:57:20', '2019-09-29 16:57:20'),
(345, 92, 1, 5, '2019-09-29 16:57:20', '2019-09-29 16:57:20'),
(346, 92, 2, 5, '2019-09-29 16:57:20', '2019-09-29 16:57:20'),
(347, 92, 3, 5, '2019-09-29 16:57:20', '2019-09-29 16:57:20'),
(348, 92, 4, 5, '2019-09-29 16:57:20', '2019-09-29 16:57:20'),
(349, 92, 5, 5, '2019-09-29 16:57:20', '2019-09-29 16:57:20'),
(350, 93, 1, 5, '2019-09-29 16:57:20', '2019-09-29 16:57:20'),
(351, 93, 2, 5, '2019-09-29 16:57:20', '2019-09-29 16:57:20'),
(352, 93, 3, 5, '2019-09-29 16:57:20', '2019-09-29 16:57:20'),
(353, 93, 4, 5, '2019-09-29 16:57:20', '2019-09-29 16:57:20'),
(354, 93, 5, 5, '2019-09-29 16:57:20', '2019-09-29 16:57:20'),
(355, 94, 1, 5, '2019-09-29 16:57:20', '2019-09-29 16:57:20'),
(356, 94, 2, 5, '2019-09-29 16:57:20', '2019-09-29 16:57:20'),
(357, 94, 3, 5, '2019-09-29 16:57:20', '2019-09-29 16:57:20'),
(358, 94, 4, 5, '2019-09-29 16:57:20', '2019-09-29 16:57:20'),
(359, 94, 5, 5, '2019-09-29 16:57:20', '2019-09-29 16:57:20'),
(360, 95, 1, 5, '2019-09-29 16:57:20', '2019-09-29 16:57:20'),
(361, 95, 2, 5, '2019-09-29 16:57:20', '2019-09-29 16:57:20'),
(362, 95, 3, 5, '2019-09-29 16:57:20', '2019-09-29 16:57:20'),
(363, 95, 4, 5, '2019-09-29 16:57:20', '2019-09-29 16:57:20'),
(364, 95, 5, 5, '2019-09-29 16:57:20', '2019-09-29 16:57:20'),
(365, 96, 1, 5, '2019-09-29 16:57:20', '2019-09-29 16:57:20'),
(366, 96, 2, 5, '2019-09-29 16:57:20', '2019-09-29 16:57:20'),
(367, 96, 3, 5, '2019-09-29 16:57:20', '2019-09-29 16:57:20'),
(368, 96, 4, 5, '2019-09-29 16:57:20', '2019-09-29 16:57:20'),
(369, 96, 5, 5, '2019-09-29 16:57:20', '2019-09-29 16:57:20'),
(370, 97, 1, 5, '2019-09-29 16:57:20', '2019-09-29 16:57:20'),
(371, 97, 2, 5, '2019-09-29 16:57:20', '2019-09-29 16:57:20'),
(372, 97, 3, 5, '2019-09-29 16:57:20', '2019-09-29 16:57:20'),
(373, 97, 4, 5, '2019-09-29 16:57:20', '2019-09-29 16:57:20'),
(374, 97, 5, 5, '2019-09-29 16:57:20', '2019-09-29 16:57:20'),
(375, 98, 1, 5, '2019-09-29 16:57:20', '2019-09-29 16:57:20'),
(376, 98, 2, 5, '2019-09-29 16:57:20', '2019-09-29 16:57:20'),
(377, 98, 3, 5, '2019-09-29 16:57:20', '2019-09-29 16:57:20'),
(378, 98, 4, 5, '2019-09-29 16:57:20', '2019-09-29 16:57:20'),
(379, 98, 5, 5, '2019-09-29 16:57:20', '2019-09-29 16:57:20'),
(380, 99, 1, 5, '2019-09-29 16:57:20', '2019-09-29 16:57:20'),
(381, 99, 2, 5, '2019-09-29 16:57:20', '2019-09-29 16:57:20'),
(382, 99, 3, 5, '2019-09-29 16:57:20', '2019-09-29 16:57:20'),
(383, 99, 4, 5, '2019-09-29 16:57:20', '2019-09-29 16:57:20'),
(384, 99, 5, 5, '2019-09-29 16:57:20', '2019-09-29 16:57:20'),
(385, 100, 1, 5, '2019-09-29 16:58:09', '2019-09-29 16:58:09'),
(386, 100, 2, 5, '2019-09-29 16:58:09', '2019-09-29 16:58:09'),
(387, 100, 3, 5, '2019-09-29 16:58:09', '2019-09-29 16:58:09'),
(388, 100, 4, 5, '2019-09-29 16:58:09', '2019-09-29 16:58:09'),
(389, 100, 5, 5, '2019-09-29 16:58:09', '2019-09-29 16:58:09'),
(390, 101, 1, 5, '2019-09-29 16:58:09', '2019-09-29 16:58:09'),
(391, 101, 2, 5, '2019-09-29 16:58:09', '2019-09-29 16:58:09'),
(392, 101, 3, 5, '2019-09-29 16:58:09', '2019-09-29 16:58:09'),
(393, 101, 4, 5, '2019-09-29 16:58:09', '2019-09-29 16:58:09'),
(394, 101, 5, 5, '2019-09-29 16:58:09', '2019-09-29 16:58:09');

-- --------------------------------------------------------

--
-- Table structure for table `feedback`
--

CREATE TABLE `feedback` (
  `id` int(11) UNSIGNED NOT NULL,
  `id_user` int(11) UNSIGNED NOT NULL,
  `id_product` int(11) UNSIGNED NOT NULL,
  `content` varchar(255) CHARACTER SET utf8mb4 COLLATE utf8mb4_unicode_ci NOT NULL,
  `created_at` datetime DEFAULT current_timestamp(),
  `updated_at` datetime DEFAULT current_timestamp()
) ENGINE=InnoDB DEFAULT CHARSET=utf8;

--
-- Dumping data for table `feedback`
--

INSERT INTO `feedback` (`id`, `id_user`, `id_product`, `content`, `created_at`, `updated_at`) VALUES
(1, 2, 41, 'Sản phẩm rất đẹp', '2019-09-26 08:22:16', '2019-09-26 08:22:16'),
(2, 1, 30, 'Sản phẩm chất lượng', '2019-09-26 08:22:16', '2019-09-26 08:22:16');

-- --------------------------------------------------------

--
-- Table structure for table `product`
--

CREATE TABLE `product` (
  `id` int(11) UNSIGNED NOT NULL,
  `id_cate` int(11) UNSIGNED NOT NULL,
  `name` varchar(255) NOT NULL,
  `slug` varchar(255) NOT NULL,
  `description` varchar(255) NOT NULL,
  `unit_price` int(11) NOT NULL,
  `promotion_price` int(11) NOT NULL,
  `image` varchar(255) NOT NULL,
  `status` int(1) NOT NULL DEFAULT 1,
  `created_at` datetime DEFAULT current_timestamp(),
  `updated_at` datetime DEFAULT current_timestamp()
) ENGINE=InnoDB DEFAULT CHARSET=utf8;

--
-- Dumping data for table `product`
--

INSERT INTO `product` (`id`, `id_cate`, `name`, `slug`, `description`, `unit_price`, `promotion_price`, `image`, `status`, `created_at`, `updated_at`) VALUES
(1, 6, 'GIÀY YEEZY BOOST 350 V2 SESAME ', ' Giay-Yeezy-Boost-350-V2-Sesame-F99710-Replica-1:1', ' Giày Yeezy Boost 350 V2 Sesame F99710 Replica 1:1', 1700000, 800000, '65134698.jpg', 1, '2019-09-12 08:55:11', '2019-09-12 08:55:11'),
(2, 6, 'GIÀY YEEZY BOOST 350V2 ZEBRA ', 'Giay-Adidas-Yeezy-Boost-350V2-Zebra-CP9654', ' Giày Adidas Yeezy Boost 350V2 Zebra CP9654', 1700000, 800000, 'b17eff84.jpg', 1, '2019-09-12 09:01:54', '2019-09-12 09:01:54'),
(3, 6, 'GIÀY YEEZY 500 BLUSH PK GOD', 'Giày-Adidas-Yeezy-500-Blus-DB2908-PK-God', 'Giày Adidas Yeezy 500 Blush DB2908 PK God', 3100000, 0, '511bec90.jpg', 1, '2019-09-12 09:01:54', '2019-09-12 09:01:54'),
(4, 6, 'GIÀY YEEZY 500 SALT PK GOD', 'Giày-Adidas-Yeezy-500-Salt-EE7287-PK-God', 'Giày Adidas Yeezy 500 Salt EE7287 PK God', 3100000, 0, 'df7f3a76.jpg', 1, '2019-09-12 09:01:54', '2019-09-12 09:01:54'),
(5, 7, 'GIÀY UNDEFEATED X ULTRABOOST 1.0', 'Giay-Adidas-Undefeated-x-UltraBoost-1.0-Blackout-EF1966-Replica-1:1', 'Giày Adidas Undefeated x UltraBoost 1.0 Blackout EF1966 Replica 1:1', 1600000, 0, '2b47da0b.jpg', 1, '2019-09-12 09:05:39', '2019-09-12 09:05:39'),
(6, 7, 'GIÀY CRAZY BYW LVL X ALTERNATE WHITE ', 'Giay-Adidas-Crazy-BYW-LVL-X-Pharrell-Alternate-White-EF3500', 'Giày Adidas Undefeated x UltraBoost 1.0 Blackout EF1966 Replica 1:1', 2600000, 0, '0bdb0d76.jpg', 1, '2019-09-12 09:15:04', '2019-09-12 09:15:04'),
(7, 7, 'GIÀY ADIDAS PUREBOOST LTD GREY SCARLET', 'Giay-Replica-1:1-Adidas-Pureboost-LTD-Grey-Scarlet-CM8333', 'Giày Adidas Undefeated x UltraBoost 1.0 Blackout EF1966 Replica 1:1', 1500000, 0, '34e30832.jpg', 1, '2019-09-12 09:15:04', '2019-09-12 09:15:04'),
(8, 7, 'GIÀY ADIDAS CONSORTIUM ULTRA BOOST', 'Giày Adidas Consortium Ultra boost 5.0 2019 EE7516', 'Giay-Adidas-Consortium-Ultra-boost-5.0-2019-EE7516', 1800000, 0, '0462d4a9.jpg', 1, '2019-09-12 09:15:04', '2019-09-12 09:15:04'),
(9, 7, 'GIÀY ULTRA BOOST 5.0 2019 WHITE PINK', 'Giay-Adidas-Consortium-Ultra-boost-5.0-2019-EE7516', 'Hàng Replica 1:1', 1800000, 2600000, 'e3d419f1.jpg', 1, '2019-09-12 09:15:04', '2019-09-12 09:15:04'),
(10, 7, 'GIÀY ULTRA BOOST MULTICOLOR BLACK RED', 'GIÀY-ULTRA-BOOST-4.0-D11-MULTICOLOR-BLACK-RED', 'Hàng Replica 1:1', 1800000, 0, 'b9b12fc5=.jpg', 1, '2019-09-12 09:15:04', '2019-09-12 09:15:04'),
(11, 8, 'GIÀY SUPERSTAR WHITE NAVY ', 'Giay-Superstar-White-Navy-Replica-1:1-BD8069', 'Giày Superstar White Navy Replica 1:1 BD8069', 1500000, 0, '7f4731d8.jpg', 1, '2019-09-12 09:53:17', '2019-09-12 09:53:17'),
(12, 8, 'GIÀY ADIDAS STAN SMITH WHITE GOLD ', 'Giay-Adidas-Stan-Smith-White-Gold-Replica-1:1-EE88369', 'Giày Adidas Stan Smith White Gold Replica 1:1 EE8836', 1600000, 0, 'a6c1ed47.jpg', 1, '2019-09-12 09:53:17', '2019-09-12 09:53:17'),
(13, 8, 'GIÀY CAMPUS PRIDE CREAM WHITE', 'Giày-Campus-Pride-Cream-White-Replica-1:1-B42000 ', 'Giày Adidas Stan Smith White Gold Replica 1:1 EE8836', 1400000, 0, '0886716a.jpg', 1, '2019-09-12 09:53:17', '2019-09-12 09:53:17'),
(14, 8, 'GIÀY ADIDAS SUPERSTAR S82589', 'Giay-Adidas-Superstar-S82589-Replica-1:1', 'Giày Adidas Stan Smith White Gold Replica 1:1 EE8836', 1300000, 0, '67db5c71.jpg', 1, '2019-09-12 09:53:17', '2019-09-12 09:53:17'),
(15, 6, 'GIÀY YEEZY 500 UTILITY BLACK PK GOD', 'Giay-Adidas-Yeezy-500-Utility-Black-F36640-Pk-God', 'Giày Adidas Yeezy 500 Utility Black F36640 Pk God', 3100000, 0, '3af5e48d.jpg', 1, '2019-09-12 09:57:24', '2019-09-12 09:57:24'),
(16, 6, 'GIÀY YEEZY BOOST 350 PK GOD', 'Giay-Adidas-Yeezy-Boost-350-V2-Clay-EG7490-PK-God', 'Giày Adidas Yeezy Boost 350 V2 Clay EG7490 PK God', 3500000, 0, 'be2591d3.jpg', 1, '2019-09-12 09:57:25', '2019-09-12 09:57:25'),
(17, 9, 'YUNG 96 WHITE ORANGE  1:1', 'YUNG-96-WHITE-ORANGE-F97179-1:1', 'YUNG 96 WHITE ORANGE F97179 1:1', 1500000, 0, '5ff532a7.jpg', 1, '2019-09-12 10:35:06', '2019-09-12 10:35:06'),
(18, 9, 'ALPHABOUNCE BEYOND 2M  1:1', 'ALPHABOUNCE-BEYOND-2M-BD7088-1:1', 'ALPHABOUNCE BEYOND 2M BD70881:1', 1900000, 0, 'f015af45.jpg', 1, '2019-09-12 10:35:06', '2019-09-12 10:35:06'),
(19, 9, 'FALCON TRIPLE WHITE B28128 1:1', 'FALCON-TRIPLE-WHITE-B28128-1:1', 'FALCON TRIPLE WHITE B28128 1:1', 1500000, 0, 'cb8bf469.jpg', 1, '2019-09-12 10:35:06', '2019-09-12 10:35:06'),
(20, 9, 'ALPHABOUNCE BEYOND 2M BD7097 XANH 1:1', 'ALPHABOUNCE-BEYOND-2M-BD7097-XANH-1:1', 'ALPHABOUNCE BEYOND 2M BD7097 XANH 1:1', 1800000, 1500000, '5c45ab09_.jpg', 1, '2019-09-12 10:35:06', '2019-09-12 10:35:06'),
(21, 9, 'ALPHABOUNCE BEYOND 2M BB7568 BLACK 1:1', 'ALPHABOUNCE-BEYOND-2M-BB7568-BLACK-1:1', 'ALPHABOUNCE BEYOND 2M BB7568 BLACK 1:1', 1800000, 1500000, '80bd8f9f.jpg', 1, '2019-09-12 10:35:06', '2019-09-12 10:35:06'),
(22, 9, 'PROPHERE BLACK WHITE B37462 1:1', 'PROPHERE-BLACK-WHITE-B37462-1:1', 'PROPHERE BLACK WHITE B37462 1:1', 4500000, 3500000, 'ea16d7ed.jpg', 1, '2019-09-12 10:35:06', '2019-09-12 10:35:06'),
(23, 5, 'TIMBERLAND 45 A1VXW 1:1', 'TIMBERLAND-45-A1VXW-1:1', 'TIMBERLAND 45 A1VXW 1:1', 2900000, 0, '09831940.jpg', 1, '2019-09-12 11:01:43', '2019-09-12 11:01:43'),
(24, 5, 'OFF WHITE X TIMBERLAND WHEAT BOOTS ORANGE', 'OFF-WHITE-X-TIMBERLAND-WHEAT-BOOTS-ORANGE', 'OFF WHITE X TIMBERLAND WHEAT BOOTS ORANGE', 2500000, 0, 'c3f41a11000x667.jpg', 1, '2019-09-12 11:01:43', '2019-09-12 11:01:43'),
(25, 5, 'OFF WHITE X TIMBERLAND WHEAT BOOTS GREEN', 'OFF-WHITE-X-TIMBERLAND-WHEAT-BOOTS-GREEN', 'OFF WHITE X TIMBERLAND WHEAT BOOTS GREEN', 2500000, 0, 'cdc0f1191000x667.jpg', 1, '2019-09-12 11:01:43', '2019-09-12 11:01:43'),
(26, 5, 'OFF WHITE X TIMBERLAND WHEAT BOOTS BLACK', 'OFF-WHITE-X-TIMBERLAND-WHEAT-BOOTS-BLACK', 'OFF WHITE X TIMBERLAND WHEAT BOOTS BLACK', 2500000, 0, '3bc3f454________1000x667.jpg', 1, '2019-09-12 11:01:43', '2019-09-12 11:01:43'),
(27, 5, 'OFF WHITE X TIMBERLAND WHEAT BOOTS', 'OFF-WHITE-X-TIMBERLAND-WHEAT-BOOTS', 'OFF WHITE X TIMBERLAND WHEAT BOOTS', 2500000, 0, 'e461a65a________1000x667.jpg', 1, '2019-09-12 11:01:43', '2019-09-12 11:01:43'),
(28, 11, 'GIÀY AIR JORDAN 1 YELLOW TOE BLACK WHITE ', 'Giày-Air-Jordan-1-Yellow-Toe-Black-White-AR1020-700-Replica-1:1', 'Giày Air Jordan 1 Yellow Toe Black White AR1020-700 Replica 1:1', 2900000, 2400000, '8be0532a.jpg', 1, '2019-09-13 10:12:53', '2019-09-13 10:12:53'),
(29, 11, 'GIÀY AIR JORDAN 1 MID TOP 3 BLUE RED BLACK WHITE ', 'Giày-Air-Jordan-1-Mid-Top-3-Blue-Red-Black-White-554724-124-Replica 1:1', 'Giày Air Jordan 1 Mid Top 3 Blue Red Black White 554724-124 Replica 1:1', 2500000, 1900000, 'a507a9d1.jpg', 1, '2019-09-13 10:12:53', '2019-09-13 10:12:53'),
(30, 11, 'GIÀY AIR JORDAN 1 YELLOW TOE BLACK WHITE 11 ', 'Giày-Air-Jordan-1-Yellow-Toe-Black-white-AR1020-700-PK-God', 'Giày Giày Air Jordan 1 Yellow Toe Black White AR1020-700 PK God', 3300000, 0, 'cee37f9b.jpg', 1, '2019-09-13 10:12:53', '2019-09-13 10:12:53'),
(31, 11, 'GIÀY JORDAN 1 RETRO HIGH OFF WHITE WHITE  PK GOD', 'Già-Jordan-1-Retro-High-Off-White-University-Blue-AQ0818-148-PK-God', 'Giày Jordan 1 Retro High Off White University Blue AQ0818-148 PK God', 3300000, 0, '87f76bab.jpg', 1, '2019-09-13 10:12:53', '2019-09-13 10:12:53'),
(32, 11, 'GIÀY NIKE AIR YEEZY 2 RED OCTOBERPK GOD', 'Giày-Nike-Air-Yeezy-2-Red-October-508214-660-PK-GOD', 'Giày Nike Air Yeezy 2 Red October 508214-660 PK GOD', 4800000, 4500000, '6d3163b9.jpg', 1, '2019-09-13 10:12:53', '2019-09-13 10:12:53'),
(33, 11, 'GIÀY NIKE AIR YEEZY 2 NRG BLACK SOLAR RED ', 'Giày-Nike-Air-Yeezy-2-NRG-Black-Solar-Red-508214-006-PK-God', 'Giày Nike Air Yeezy 2 NRG Black Solar Red 508214-006 PK God', 4800000, 4500000, '74d4a998_1000x668.jpg', 1, '2019-09-13 10:12:53', '2019-09-13 10:12:53'),
(34, 11, 'GIÀY JORDAN 1 RETRO HIGH UNC PATENT PK GOD', 'Giày-Nike-Jordan-1-Retro-High-UNC-Patent-CD0461-401-PK-God', 'Giày Nike Jordan 1 Retro High UNC Patent CD0461-401 PK God', 4000000, 3500000, 'd353da9e________1000x667.jpg', 1, '2019-09-13 10:12:53', '2019-09-13 10:12:53'),
(35, 11, 'GIÀY JORDAN 4 RETRO TATTOO ', 'Giày-Nike-Jordan-4-Retro-Tattoo-BQ0897-006-Replica-1:1', 'Giày Nike Jordan 4 Retro Tattoo BQ0897-006 Replica 1:1', 2500000, 1900000, 'd353da9e________1000x667.jpg', 1, '2019-09-13 10:12:53', '2019-09-13 10:12:53'),
(36, 12, 'GIÀY NIKE AIR FORCE 1 VANDALIZED SAIL ', 'Giày-Nike-Air-Force-1-Vandalized-Sail-BV0740-101-Replica 1:1', 'Giày Nike Air Force 1 Vandalized Sail BV0740-101 Replica 1:1', 2900000, 2400000, '0d0fdf33.jpg', 1, '2019-09-13 10:27:59', '2019-09-13 10:27:59'),
(37, 12, 'GIÀY OFF WHITE NIKE AIR FORCE 1 MCA BLUE CI1173-400', 'Giày-Off-White-Nike-Air-Force-1-MCA-Blue-CI1173-400-PK-God', 'Giày Off White Nike Air Force 1 MCA Blue CI1173-400 PK God', 2600000, 2200000, '7837122d.jpg', 1, '2019-09-13 10:27:59', '2019-09-13 10:27:59'),
(38, 12, 'GIÀY AIR FORCE 1 LOW OFF WHITE BLACK WHITE', 'Giày--Air-Forc-1-Low-Off-White-BlackWhite-Replica 1:1-AO4606-0010', 'Giày Air Force 1 Low Off White Black White Replica 1:1 AO4606-0010', 2400000, 0, 'fadc7399.jpg', 1, '2019-09-13 10:27:59', '2019-09-13 10:27:59'),
(39, 12, 'GIÀY NIKE AIR FORCE 107 DEMON LOW 5D', 'GIÀY-NIKE AIR-FORCE-107-DEMON-LOW-5D-1:1-AO4606-0010', 'GIÀY NIKE AIR FORCE 107 DEMON LOW 5D Replica 1:1 AO4606-0010', 2400000, 0, '98d63bb2________1000x667.jpg', 1, '2019-09-13 10:27:59', '2019-09-13 10:27:59'),
(40, 12, 'AIR FORCE 1 HIGH FLAX WHEAT', 'AIR-FORCE-1-HIGH FLAX-WHEAT-2017-882096-200-1:1', 'AIR FORCE 1 HIGH FLAX WHEAT 2017 882096-200 1:1', 2100000, 0, '25e54d8f________1000x667.jpg', 1, '2019-09-13 10:27:59', '2019-09-13 10:27:59'),
(41, 12, 'AIR FORCE 1 AJ4234-100', 'AIR-FORCE-1-AJ4234-100', 'AIR FORCE 1 AJ4234-100', 2100000, 1900000, '23c4e1fd________1000x667.jpg', 1, '2019-09-13 10:27:59', '2019-09-13 10:27:59'),
(42, 12, 'CLOT X AIR FORCE 1 REPLICA 1:1', 'CLOT-X-AIR FORCE-1-REPLICA-1:10', 'CLOT X AIR FORCE 1 REPLICA 1:1', 2800000, 2500000, '272a33b0________1000x667.jpg', 1, '2019-09-13 10:27:59', '2019-09-13 10:27:59'),
(43, 12, 'NIKE VANDAL HIGH 90/10 ALL-STAR', 'NIKE-VANDAL HIGH-90/10-ALL-STAR', 'NIKE VANDAL HIGH 90/10 ALL-STAR', 2600000, 2500000, 'd197cf3e________1000x667.jpg', 1, '2019-09-13 10:27:59', '2019-09-13 10:27:59'),
(44, 13, 'GIÀY AIR MORE UPTEMPO SUPREME RED', 'Giày-Air-More-Uptempo-Supreme-Red-902290-600-Replica-1:1', 'Giày Air More Uptempo Supreme Red 902290-600 Replica 1:1 ', 2500000, 1900000, '487a3fc9.jpg', 1, '2019-09-13 18:53:37', '2019-09-13 18:53:37'),
(45, 13, 'GIÀY NIKE M2K TEKNO GEL ORANGE', 'Giày-Nike-M2K-Tekno-Gel-Orange-CI5749-888-Replica 1:1', 'Giày Nike M2K Tekno Gel Orange CI5749-888 Replica 1:1 ', 2000000, 1700000, '9be0fd1f.jpg', 1, '2019-09-13 18:53:37', '2019-09-13 18:53:37'),
(46, 13, 'GIÀY NIKE WMNS QUEST 2 PINK', 'Giày-Nike-Wmns-Quest-2-Pink-Quartz-CI3803-600-Replica 1:1', 'Giày Nike M2K Tekno Gel Orange CI5749-888 Replica 1:1 ', 2500000, 0, '92e1e58a.jpg', 1, '2019-09-13 18:53:37', '2019-09-13 18:53:37'),
(47, 13, 'GIÀY AIR MAX 97 SHANGHAI KALEIDOSCOPE', 'Giày-Air-Max-97-Shanghai-Kaleidoscope-PK-God-CI1508-400 ', 'Giày Air Max 97 Shanghai Kaleidoscope PK God CI1508-400 ', 5500000, 0, 'a2912329.jpg', 1, '2019-09-13 18:53:37', '2019-09-13 18:53:37'),
(48, 13, 'GIÀY NIKE AIR VAPORMAX 2019 CPFM MULTI', 'Giày-Cactus-Plant-Flea-Market-Nike-Air-VaporMax-2019-CD7001-300', 'Giày Cactus Plant Flea Market Nike Air VaporMax 2019 CD7001-300 ', 2100000, 1700000, 'a92a1cdd.jpg', 1, '2019-09-13 18:53:37', '2019-09-13 18:53:37'),
(49, 13, 'GIÀY AIR MAX 97 OFF WHITE MENTA', 'Giày-Air-Max-97-Off-White-Menta-AJ4585-101-PK-God', 'Giày Air Max 97 Off White Menta AJ4585-101 PK God', 3500000, 3000000, 'b846963c.jpg', 1, '2019-09-13 18:53:38', '2019-09-13 18:53:38'),
(59, 14, 'GIÀY NIKE ZOOM TERRA KIGER 5 OFF WHITE', 'GIÀY-NIKE-ZOOM-TERRA-KIGER-5-OFF-WHITE', 'GIÀY NIKE ZOOM TERRA KIGER 5 OFF WHITE', 2400000, 2000000, 'fb1a7e74.jpg', 1, '2019-09-29 15:49:36', '2019-09-29 15:49:36'),
(60, 14, 'GIÀY NIKE M2K TEKNO WHITE TEAL ', 'GIÀY-NIKE-M2K-TEKNO-WHITE-TEAL ', 'GIÀY NIKE M2K TEKNO WHITE TEAL ', 1700000, 1500000, '3e9caa67.jpg', 1, '2019-09-29 15:49:36', '2019-09-29 15:49:36'),
(61, 14, 'GIÀY NIKE ZOOM PEGASUS 35 TURBO XÁM XANH ', 'GIÀY-NIKE-ZOOM-PEGASUS-35-TURBO-XÁM-XANH ', 'GIÀY NIKE ZOOM PEGASUS 35 TURBO XÁM XANH ', 1500000, 0, 'c7b86298.jpg', 1, '2019-09-29 15:49:36', '2019-09-29 15:49:36'),
(62, 14, 'ZOOM VOMERO 14 BLACK/WHITE', 'ZOOM-VOMERO-14-BLACK/WHITE', 'ZOOM VOMERO 14 BLACK/WHITE ', 1600000, 0, '2297a7a1000x667.jpg', 1, '2019-09-29 15:49:36', '2019-09-29 15:49:36'),
(63, 15, 'HUARACHE PREMIUM WHEAT', 'HUARACHE-PREMIUM-WHEAT', 'HUARACHE PREMIUM WHEAT', 1800000, 0, '134e358b________1000x667.jpg', 1, '2019-09-29 15:51:02', '2019-09-29 15:51:02'),
(64, 16, 'GIÀY BALENCIAGA TRIPLE S ĐỎ HỒNG', 'GIÀY-BALENCIAGA-TRIPLE-S-TRONG-SUỐT-ĐỎ-HỒNG', 'GIÀY BALENCIAGA TRIPLE S TRONG SUỐT ĐỎ HỒNG', 2100000, 0, '26b52057.jpg', 1, '2019-09-29 16:00:40', '2019-09-29 16:00:40'),
(65, 16, 'GIÀY BALENCIAGA TRACK TRAINER LED', 'GIÀY-BALENCIAGA-TRACK-TRAINER-LED', 'GIÀY BALENCIAGA TRACK TRAINER LED', 4500000, 4000000, 'da63f7f8.jpg', 1, '2019-09-29 16:00:40', '2019-09-29 16:00:40'),
(68, 16, 'GIÀY BALENCIAGA TRIPLE S ĐỎ HỒNG SS', 'GIÀY-BALENCIAGA-TRIPLE-S-TRONG-SUỐT-ĐỎ-HỒNG', 'GIÀY BALENCIAGA TRIPLE S TRONG SUỐT ĐỎ HỒNG', 2100000, 0, '26b52057.jpg', 1, '2019-09-29 16:02:10', '2019-09-29 16:02:10'),
(71, 16, 'GIÀY BALENCIAGA TRIPLE S ĐỎ HỒNG SSII', 'GIÀY-BALENCIAGA-TRIPLE-S-TRONG-SUỐT-ĐỎ-HỒNG', 'GIÀY BALENCIAGA TRIPLE S TRONG SUỐT ĐỎ  HỒNG', 2100000, 0, '26b52057.jpg', 1, '2019-09-29 16:03:37', '2019-09-29 16:03:37'),
(72, 16, 'GIÀY BALENCIAGA TRACK TRAINER LED AA', 'GIÀY-BALENCIAGA-TRACK-TRAINER-LED', 'GIÀY BALENCIAGA TRACK TRAINER LED', 4500000, 4000000, 'da63f7f8.jpg', 1, '2019-09-29 16:03:37', '2019-09-29 16:03:37'),
(73, 16, 'GIÀY BALENCIAGA TRACK TRAINER LED 15', 'GIÀY-BALENCIAGA-TRACK-TRAINER-LED-TRẮNG-BEST-QUALITY', 'GIÀY BALENCIAGA TRACK TRAINER LED TRẮNG BEST QUALITY', 4100000, 0, '92c42cb4.jpg', 1, '2019-09-29 16:03:37', '2019-09-29 16:03:37'),
(74, 16, 'GIÀY-BALENCIAGA-TRACK TRAINER-LED-XÁM', 'GIÀY BALENCIAGA TRACK TRAINER LED XÁM', 'GIÀY BALENCIAGA TRACK TRAINER LED XÁM', 4500000, 4000000, 'e1916d0b.jpg', 1, '2019-09-29 16:03:37', '2019-09-29 16:03:37'),
(75, 16, 'GIÀY BALENCIAGA TRIPLE S  MULTICOLOR TRẮNG', 'GIÀY-BALENCIAGA-TRIPLE-S-TRONG-SUỐT-MULTICOLOR-TRẮNG', 'GIÀY BALENCIAGA TRIPLE S TRONG SUỐT MULTICOLOR TRẮNG', 3100000, 0, '0ff30b6c.jpg', 1, '2019-09-29 16:03:37', '2019-09-29 16:03:37'),
(76, 16, 'GIÀY BALENCIAGA TRIPLE S TRẮNG XÁM ', 'GIÀY-BALENCIAGA-TRIPLE-S-TRẮNG-XÁM ', 'GIÀY BALENCIAGA TRIPLE S TRẮNG XÁM ', 4500000, 4000000, '5bbfc772.jpg', 1, '2019-09-29 16:03:37', '2019-09-29 16:03:37'),
(77, 16, 'GIÀY BALENCIAGA TRILE S XANH NEON', 'GIÀY-BALENCIAGA-TRILE-S-XANH-NEON', 'GIÀY BALENCIAGA TRILE S XANH NEON', 4100000, 0, '1ebf49bf.jpg', 1, '2019-09-29 16:03:37', '2019-09-29 16:03:37'),
(78, 16, 'GIÀY BALENCIAGA TRIPLE S VÀNG HỒNG', 'GIÀY-BALENCIAGA-TRIPLE-S-VÀNG-HỒNG', 'GIÀY BALENCIAGA TRIPLE S VÀNG HỒNG', 4500000, 4000000, '08b29354.jpg', 1, '2019-09-29 16:03:37', '2019-09-29 16:03:37'),
(79, 17, 'GIÀY GUCCI ACE EMBROIDERED SNEAKER BÔNG HOA', 'GIÀY-GUCCI-ACE-EMBROIDERED-SNEAKER-BÔNG-HOA', 'GIÀY GUCCI ACE EMBROIDERED SNEAKER BÔNG HOA', 1900000, 0, '02d77b9e.jpg', 1, '2019-09-29 16:12:21', '2019-09-29 16:12:21'),
(80, 17, 'GIÀY GUCCI ACE EMBROIDERED LOW', 'GIÀY GUCCI ACE EMBROIDERED LOW', 'GIÀY GUCCI ACE EMBROIDERED LOW', 3800000, 3500000, 'a5c0a003.jpg', 1, '2019-09-29 16:12:21', '2019-09-29 16:12:21'),
(81, 17, 'GIÀY GIÀY GUCCI ACE EMBROIDERED', 'GIÀY-GIÀY-GUCCI-ACE-EMBROIDERED', 'GIÀY GIÀY GUCCI ACE EMBROIDEREDA', 3800000, 0, '13693f6d.jpg', 1, '2019-09-29 16:12:21', '2019-09-29 16:12:21'),
(82, 17, 'GIÀY GUCCI APOLLO LEATHER SNEAKERS', 'GIÀY GUCCI APOLLO LEATHER SNEAKERS', 'GIÀY GUCCI APOLLO LEATHER SNEAKERS', 2600000, 2000000, '55288a55________1000x667.jpg', 1, '2019-09-29 16:12:21', '2019-09-29 16:12:21'),
(83, 17, 'GIÀY GUCCI STRIPE LEATHER SNEAKER', 'GIÀY-GUCCI-STRIPE-LEATHER-SNEAKER', 'GIÀY GUCCI STRIPE LEATHER SNEAKER', 1900000, 0, 'f831ecef________1000x667.jpg', 1, '2019-09-29 16:12:21', '2019-09-29 16:12:21'),
(84, 17, 'GUCCI STRIPE LEATHER SNEAKER BLACK', 'GUCCI STRIPE LEATHER SNEAKER BLACK', 'GUCCI STRIPE LEATHER SNEAKER BLACK', 3800000, 3500000, '798eb76b_2232x1488.jpg', 1, '2019-09-29 16:12:21', '2019-09-29 16:12:21'),
(85, 17, 'GIÀY GUCCI RHYTON VINTAGE TRAINER', 'GIÀY-GUCCI-RHYTON-VINTAGE-TRAINER', 'GIÀY GUCCI RHYTON VINTAGE TRAINER', 3800000, 0, 'd78a48e6.jpg', 1, '2019-09-29 16:12:21', '2019-09-29 16:12:21'),
(86, 17, 'GIÀY GUCCI RHYTON GUCCI LOGO LEATHER', 'GIÀY-GUCCI-RHYTON-GUCCI-LOGO-LEATHER', 'GIÀY GUCCI RHYTON GUCCI LOGO LEATHER', 2400000, 2000000, 'adb951a7.jpg', 1, '2019-09-29 16:12:21', '2019-09-29 16:12:21'),
(87, 19, 'GIÀY ALEXANDER MCQUEEN ALL BLACKS', 'GIÀY-ALEXANDER-MCQUEEN-ALL-BLACK', 'GIÀY ALEXANDER MCQUEEN ALL BLACK', 2600000, 2000000, '4a633178.jpg', 1, '2019-09-29 16:21:40', '2019-09-29 16:21:40'),
(88, 19, 'GIÀY ALEXANDER MCQUEEN TRẮNG GÓT ĐENS', 'GIÀY-ALEXANDER-MCQUEEN-TRẮNG-GÓT-ĐENK', 'GIÀY ALEXANDER MCQUEEN TRẮNG GÓT ĐEN', 2600000, 2400000, '36016dcf.jpg', 1, '2019-09-29 16:21:40', '2019-09-29 16:21:40'),
(89, 19, 'GIÀY ALEXANDER MCQUEEN 3M COLOR MULTI', 'GIÀY-ALEXANDER-MCQUEEN-3M-COLOR-MULTIK', 'GIÀY ALEXANDER MCQUEEN 3M COLOR MULTI', 2500000, 0, 'b3f988d2________1000x667.jpg', 1, '2019-09-29 16:21:40', '2019-09-29 16:21:40'),
(90, 19, 'GIÀY ALEXANDER MCQUEEN BLACK 1:1S', 'GIÀY-ALEXANDER-MCQUEEN-BLACK-1:1', 'GIÀY ALEXANDER MCQUEEN BLACK 1:1', 1800000, 1500000, '06771790________1000x667.jpg', 1, '2019-09-29 16:21:40', '2019-09-29 16:21:40'),
(91, 19, 'GIÀY ALEXANDER MCQUEEN 3M WHITE', 'GIÀY-ALEXANDER-MCQUEEN-3M-WHITE', 'GIÀY ALEXANDER MCQUEEN 3M WHITE', 2200000, 0, '77fbc34f________1000x667.jpg', 1, '2019-09-29 16:21:40', '2019-09-29 16:21:40'),
(92, 19, 'GIÀY ALEXANDER MCQUEEN 3M ALL BLACK', 'GIÀY-ALEXANDER-MCQUEEN-3M-ALL-BLACK', 'GIÀY ALEXANDER MCQUEEN 3M ALL BLACK', 1800000, 1500000, '02602693________1000x667.jpg', 1, '2019-09-29 16:21:40', '2019-09-29 16:21:40'),
(93, 20, 'DIOR X KAWS B23 HIGH TOP SNEAKERS', 'DIOR-X-KAWS-B23-HIGH-TOP-SNEAKERS', 'DIOR X KAWS B23 HIGH TOP SNEAKERS', 2600000, 2000000, '6824e65f_1000x666.jpg', 1, '2019-09-29 16:23:04', '2019-09-29 16:23:04'),
(94, 4, 'GIÀY CONVERSE CHUCK 70 RENEW BLUE', 'GIÀY-CONVERSE-CHUCK-70-RENEW-BLUE', 'GIÀY CONVERSE CHUCK 70 RENEW BLUE', 2600000, 2000000, 'd6548d4a.jpg', 1, '2019-09-29 16:38:26', '2019-09-29 16:38:26'),
(95, 4, 'GIÀY CONVERSE CHUCK 70 RENEW BLUE WHITE', 'GIÀY-CONVERSE-CHUCK-70-RENEW-BLUE-WHITE', 'GIÀY CONVERSE CHUCK 70 RENEW BLUE WHITE', 2800000, 2000000, '8576a6d8.jpg', 1, '2019-09-29 16:38:26', '2019-09-29 16:38:26'),
(96, 4, 'GIÀY RALPH STEADMAN X VANS VAULT', 'GIÀY-RALPH-STEADMAN-X-VANS-VAULT', 'GIÀY RALPH STEADMAN X VANS VAULT', 2400000, 0, '4ec9f24d.jpg', 1, '2019-09-29 16:38:26', '2019-09-29 16:38:26'),
(97, 4, 'GIÀY CONVERSE X KAWS VÀNG 162054C', 'GIÀY-CONVERSE-X-KAWS-VÀNG-162054C', 'GIÀY CONVERSE X KAWS VÀNG 162054C', 3400000, 3000000, '5a2060ad.jpg', 1, '2019-09-29 16:38:26', '2019-09-29 16:38:26'),
(98, 4, 'GIÀY TOM AND JERRY CHUCK 70 HIGH', 'GIÀY TOM AND JERRY CHUCK 70 HIGH', 'GIÀY TOM AND JERRY CHUCK 70 HIGH', 2400000, 2000000, '01489c8b.jpg', 1, '2019-09-29 16:38:26', '2019-09-29 16:38:26'),
(99, 4, 'GIÀY CONVERSE CHUCK 70 PSY-KICKS OX ', 'GIÀY CONVERSE CHUCK 70 PSY-KICKS OX ', 'GIÀY CONVERSE CHUCK 70 PSY-KICKS OX ', 2800000, 2000000, '36eff5d6.jpg', 1, '2019-09-29 16:38:26', '2019-09-29 16:38:26'),
(100, 4, 'GIÀY CDG PLAY X CONVERSE 1970S', 'GIÀY CDG PLAY X CONVERSE 1970S', 'GIÀY CDG PLAY X CONVERSE 1970S', 2600000, 0, 'b833e2e6.jpg', 1, '2019-09-29 16:38:26', '2019-09-29 16:38:26'),
(101, 4, 'VANS OLD SKOOL 36 SLIP ON 98', 'VANS OLD SKOOL 36 SLIP ON 98', 'VANS OLD SKOOL 36 SLIP ON 98', 1400000, 1000000, 'f9180e61_2976x1984.jpg', 1, '2019-09-29 16:38:26', '2019-09-29 16:38:26');

-- --------------------------------------------------------

--
-- Table structure for table `size_product`
--

CREATE TABLE `size_product` (
  `id` int(11) UNSIGNED NOT NULL,
  `size` int(11) NOT NULL,
  `created_at` datetime DEFAULT current_timestamp(),
  `updated_at` datetime NOT NULL DEFAULT current_timestamp()
) ENGINE=InnoDB DEFAULT CHARSET=utf8;

--
-- Dumping data for table `size_product`
--

INSERT INTO `size_product` (`id`, `size`, `created_at`, `updated_at`) VALUES
(1, 39, '2019-09-12 08:13:55', '2019-09-12 08:13:55'),
(2, 40, '2019-09-12 08:13:55', '2019-09-12 08:13:55'),
(3, 41, '2019-09-12 08:13:55', '2019-09-12 08:13:55'),
(4, 42, '2019-09-12 08:13:55', '2019-09-12 08:13:55'),
(5, 43, '2019-09-12 08:13:55', '2019-09-12 08:13:55');

-- --------------------------------------------------------

--
-- Table structure for table `supplier`
--

CREATE TABLE `supplier` (
  `id` int(11) UNSIGNED NOT NULL,
  `name` varchar(255) CHARACTER SET utf8mb4 COLLATE utf8mb4_unicode_ci NOT NULL,
  `phone` varchar(11) CHARACTER SET utf8mb4 COLLATE utf8mb4_unicode_ci NOT NULL,
  `gmail` varchar(60) CHARACTER SET utf8mb4 COLLATE utf8mb4_unicode_ci NOT NULL,
  `address` varchar(255) CHARACTER SET utf8mb4 COLLATE utf8mb4_unicode_ci NOT NULL,
  `status` int(11) NOT NULL DEFAULT 1,
  `created_at` datetime DEFAULT current_timestamp(),
  `updated_at` datetime DEFAULT current_timestamp()
) ENGINE=InnoDB DEFAULT CHARSET=utf8;

--
-- Dumping data for table `supplier`
--

INSERT INTO `supplier` (`id`, `name`, `phone`, `gmail`, `address`, `status`, `created_at`, `updated_at`) VALUES
(1, 'Đại lý giày Phương Nam', '035888888', 'adidas@gmail.com', '3-cau giấy hà nội', 1, '2019-09-26 08:27:56', '2019-09-26 08:27:56'),
(2, 'Đại lý giày Mạnh Chiến', '0868686868', 'manhchien@gmail.com', '177-tây sơn- hà nội', 1, '2019-09-26 08:27:56', '2019-09-26 08:27:56');

-- --------------------------------------------------------

--
-- Table structure for table `users`
--

CREATE TABLE `users` (
  `id` int(11) UNSIGNED NOT NULL,
  `fullname` varchar(255) CHARACTER SET utf8mb4 COLLATE utf8mb4_unicode_ci NOT NULL,
  `email` varchar(60) CHARACTER SET utf8mb4 COLLATE utf8mb4_unicode_ci NOT NULL,
  `password` varchar(60) CHARACTER SET utf8mb4 COLLATE utf8mb4_unicode_ci NOT NULL,
  `gender` int(11) NOT NULL,
  `phone` varchar(20) CHARACTER SET utf8mb4 COLLATE utf8mb4_unicode_ci NOT NULL,
  `birthday` date DEFAULT NULL,
  `address` varchar(255) CHARACTER SET utf8mb4 COLLATE utf8mb4_unicode_ci NOT NULL,
  `avatar` varchar(255) CHARACTER SET utf8mb4 COLLATE utf8mb4_unicode_ci NOT NULL,
  `role` int(11) NOT NULL DEFAULT 1,
  `status` int(11) NOT NULL DEFAULT 1,
  `created_at` datetime DEFAULT current_timestamp(),
  `updated_at` datetime DEFAULT current_timestamp()
) ENGINE=InnoDB DEFAULT CHARSET=utf8;

--
-- Dumping data for table `users`
--

INSERT INTO `users` (`id`, `fullname`, `email`, `password`, `gender`, `phone`, `birthday`, `address`, `avatar`, `role`, `status`, `created_at`, `updated_at`) VALUES
(1, 'Lê Nghĩa', 'lenghia0801@gmail.com', '$2y$10$KTCLDcgmXr9H5Hugn1UjTeFWpM5CadlQkC0JpKzjLxl6biAzJaudS', 0, '0355394422', '1998-08-01', 'Ninh Binh', 'nghia.jpg', 2, 1, NULL, '2019-09-28 23:00:35'),
(2, 'Minh Nghĩa', 'lenghia@gmail.com', '$2y$10$tdY4tTa/zHDl4Y/ntOU27OKa/fCY7Q8n8T1rg576IMXf6V2B5NGp6', 0, '0355394422', '1998-08-01', 'Ninh Binh', 'nghia2.jpeg', 0, 1, '2019-09-09 22:44:33', '2019-09-28 23:00:55'),
(3, 'kulbong', 'kulbong11@gmail.com', '$2y$10$5IDBgd.PzvZxy4c90wnR6ukUKML0LDaT9gVE21qzEhouD4Ku35cA2', 1, '035996445', '1998-08-01', 'Ninh Binh', 'nghia2.jpeg', 1, 1, '2019-09-27 21:37:20', '2019-09-28 23:01:25'),
(4, 'Văn Khiên', 'Khien@gmail.com', '$2y$10$bQGuHazN0/HvFeZKvWnlqeEJ4FbPTm.SwK0ZI0hnlwVM/uWIotJaa', 0, '035996445', '1998-08-01', 'Ninh Binh', 'mtp.jpg', 1, 1, '2019-09-27 21:43:48', '2019-09-28 23:01:46'),
(5, 'Văn Thắng', 'Thang@gmail.com', '$2y$10$StmnNcm./QH3sqYaJDcU1OwqlUElIUOrQNfVJIkjCFrZEjgfcL5Fy', 0, '035996445', '1998-08-01', 'Ninh Binh', 'nghia2.jpeg', 0, 1, '2019-09-27 21:43:48', '2019-09-28 23:02:05'),
(6, 'Tiến Sỹ', 'Sy@gmail.com', '123456', 0, '035996445', '1998-08-01', 'Ninh Binh', 'Son-Tung-MTP.jpg', 2, 0, '2019-09-27 21:43:48', '2019-09-28 09:59:42'),
(7, 'Nghĩa Lê', 'leminhnghia080198@gmail.com', '$2y$10$cjCpKJVCW.GrQQTMNWh8m..Qwg07r0L0XbIPYVEukrjc.WILFhzQO', 1, '0397755533', '2019-09-10', 'Yên Lâm-Yên Mô-Ninh Bình', '1569634539.jpeg', 0, 1, '2019-09-28 08:35:39', '2019-09-28 08:35:39'),
(8, 'TrungQuang11', 'abc123@gmail.com', '$2y$10$HY8mecbSkUCwypljzXi4EeRK6PVOy3MWJvBpJWBWrXH00yeJ6TXnu', 0, '0397755533', '2019-09-09', 'hanoi', '1569638560.jpeg', 1, 1, '2019-09-28 08:38:22', '2019-09-28 09:42:40'),
(9, 'KulBong1122', 'abcd@gmail.com', '$2y$10$9IuUXarDoFxECCZnVCUeLOMikFsVs.NoISXSFGv4oWUF/tbXDgdjq', 1, '0397755533', '2019-09-27', 'Ninh Binh', '1569638669.jpeg', 2, 1, '2019-09-28 08:40:12', '2019-09-28 09:44:29'),
(10, 'Minh nghia le', 'nghiaminhle0801@gmail.com', '$2y$10$0pjOGxB6eTc9eboyL5.X4OJhDg896jy0X6JFL1Y1EV9euquyKHPLS', 0, '0397755533', '2019-09-03', 'Ninh Binh', '1569638891.jpeg', 1, 1, '2019-09-28 08:42:01', '2019-09-28 09:48:11');

--
-- Indexes for dumped tables
--

--
-- Indexes for table `bill_export`
--
ALTER TABLE `bill_export`
  ADD PRIMARY KEY (`id`),
  ADD KEY `id_usermakebill` (`id_usermakebill`,`id_user`),
  ADD KEY `bill_export_ibfk_1` (`id_user`);

--
-- Indexes for table `bill_import`
--
ALTER TABLE `bill_import`
  ADD PRIMARY KEY (`id`),
  ADD KEY `id_supplier` (`id_supplier`,`id_user`),
  ADD KEY `id_user` (`id_user`);

--
-- Indexes for table `categories_product`
--
ALTER TABLE `categories_product`
  ADD PRIMARY KEY (`id`);

--
-- Indexes for table `detail_bill_export`
--
ALTER TABLE `detail_bill_export`
  ADD PRIMARY KEY (`id`),
  ADD KEY `id_bill_export` (`id_bill_export`,`id_detail_product`),
  ADD KEY `id_detail_product` (`id_detail_product`);

--
-- Indexes for table `detail_bill_import`
--
ALTER TABLE `detail_bill_import`
  ADD PRIMARY KEY (`id`),
  ADD KEY `id_bill_import` (`id_bill_import`,`id_detail_product`),
  ADD KEY `id_detail_product` (`id_detail_product`);

--
-- Indexes for table `detail_product`
--
ALTER TABLE `detail_product`
  ADD PRIMARY KEY (`id`),
  ADD KEY `id_product` (`id_product`,`id_size`),
  ADD KEY `id_type` (`id_size`);

--
-- Indexes for table `feedback`
--
ALTER TABLE `feedback`
  ADD PRIMARY KEY (`id`),
  ADD KEY `id_user` (`id_user`,`id_product`),
  ADD KEY `id_product` (`id_product`);

--
-- Indexes for table `product`
--
ALTER TABLE `product`
  ADD PRIMARY KEY (`id`),
  ADD UNIQUE KEY `name` (`name`),
  ADD KEY `id_cate` (`id_cate`);

--
-- Indexes for table `size_product`
--
ALTER TABLE `size_product`
  ADD PRIMARY KEY (`id`);

--
-- Indexes for table `supplier`
--
ALTER TABLE `supplier`
  ADD PRIMARY KEY (`id`);

--
-- Indexes for table `users`
--
ALTER TABLE `users`
  ADD PRIMARY KEY (`id`),
  ADD UNIQUE KEY `email` (`email`);

--
-- AUTO_INCREMENT for dumped tables
--

--
-- AUTO_INCREMENT for table `bill_export`
--
ALTER TABLE `bill_export`
  MODIFY `id` int(11) UNSIGNED NOT NULL AUTO_INCREMENT, AUTO_INCREMENT=2;

--
-- AUTO_INCREMENT for table `bill_import`
--
ALTER TABLE `bill_import`
  MODIFY `id` int(11) UNSIGNED NOT NULL AUTO_INCREMENT, AUTO_INCREMENT=3;

--
-- AUTO_INCREMENT for table `categories_product`
--
ALTER TABLE `categories_product`
  MODIFY `id` int(11) UNSIGNED NOT NULL AUTO_INCREMENT, AUTO_INCREMENT=26;

--
-- AUTO_INCREMENT for table `detail_bill_export`
--
ALTER TABLE `detail_bill_export`
  MODIFY `id` int(11) UNSIGNED NOT NULL AUTO_INCREMENT, AUTO_INCREMENT=2;

--
-- AUTO_INCREMENT for table `detail_bill_import`
--
ALTER TABLE `detail_bill_import`
  MODIFY `id` int(11) UNSIGNED NOT NULL AUTO_INCREMENT, AUTO_INCREMENT=31;

--
-- AUTO_INCREMENT for table `detail_product`
--
ALTER TABLE `detail_product`
  MODIFY `id` int(11) UNSIGNED NOT NULL AUTO_INCREMENT, AUTO_INCREMENT=395;

--
-- AUTO_INCREMENT for table `feedback`
--
ALTER TABLE `feedback`
  MODIFY `id` int(11) UNSIGNED NOT NULL AUTO_INCREMENT, AUTO_INCREMENT=3;

--
-- AUTO_INCREMENT for table `product`
--
ALTER TABLE `product`
  MODIFY `id` int(11) UNSIGNED NOT NULL AUTO_INCREMENT, AUTO_INCREMENT=102;

--
-- AUTO_INCREMENT for table `size_product`
--
ALTER TABLE `size_product`
  MODIFY `id` int(11) UNSIGNED NOT NULL AUTO_INCREMENT, AUTO_INCREMENT=6;

--
-- AUTO_INCREMENT for table `supplier`
--
ALTER TABLE `supplier`
  MODIFY `id` int(11) UNSIGNED NOT NULL AUTO_INCREMENT, AUTO_INCREMENT=3;

--
-- AUTO_INCREMENT for table `users`
--
ALTER TABLE `users`
  MODIFY `id` int(11) UNSIGNED NOT NULL AUTO_INCREMENT, AUTO_INCREMENT=11;

--
-- Constraints for dumped tables
--

--
-- Constraints for table `bill_export`
--
ALTER TABLE `bill_export`
  ADD CONSTRAINT `bill_export_ibfk_1` FOREIGN KEY (`id_user`) REFERENCES `users` (`id`) ON DELETE CASCADE,
  ADD CONSTRAINT `bill_export_ibfk_2` FOREIGN KEY (`id_usermakebill`) REFERENCES `users` (`id`);

--
-- Constraints for table `bill_import`
--
ALTER TABLE `bill_import`
  ADD CONSTRAINT `bill_import_ibfk_1` FOREIGN KEY (`id_supplier`) REFERENCES `supplier` (`id`) ON DELETE CASCADE,
  ADD CONSTRAINT `bill_import_ibfk_2` FOREIGN KEY (`id_user`) REFERENCES `users` (`id`) ON DELETE CASCADE;

--
-- Constraints for table `detail_bill_export`
--
ALTER TABLE `detail_bill_export`
  ADD CONSTRAINT `detail_bill_export_ibfk_1` FOREIGN KEY (`id_bill_export`) REFERENCES `bill_export` (`id`),
  ADD CONSTRAINT `detail_bill_export_ibfk_2` FOREIGN KEY (`id_detail_product`) REFERENCES `detail_product` (`id`);

--
-- Constraints for table `detail_bill_import`
--
ALTER TABLE `detail_bill_import`
  ADD CONSTRAINT `detail_bill_import_ibfk_1` FOREIGN KEY (`id_bill_import`) REFERENCES `bill_import` (`id`) ON DELETE CASCADE,
  ADD CONSTRAINT `detail_bill_import_ibfk_2` FOREIGN KEY (`id_detail_product`) REFERENCES `detail_product` (`id`);

--
-- Constraints for table `detail_product`
--
ALTER TABLE `detail_product`
  ADD CONSTRAINT `detail_product_ibfk_1` FOREIGN KEY (`id_product`) REFERENCES `product` (`id`) ON DELETE CASCADE,
  ADD CONSTRAINT `detail_product_ibfk_2` FOREIGN KEY (`id_size`) REFERENCES `size_product` (`id`) ON DELETE CASCADE;

--
-- Constraints for table `feedback`
--
ALTER TABLE `feedback`
  ADD CONSTRAINT `feedback_ibfk_1` FOREIGN KEY (`id_product`) REFERENCES `product` (`id`) ON DELETE CASCADE,
  ADD CONSTRAINT `feedback_ibfk_2` FOREIGN KEY (`id_user`) REFERENCES `users` (`id`) ON DELETE CASCADE;

--
-- Constraints for table `product`
--
ALTER TABLE `product`
  ADD CONSTRAINT `product_ibfk_1` FOREIGN KEY (`id_cate`) REFERENCES `categories_product` (`id`) ON DELETE CASCADE;
COMMIT;

/*!40101 SET CHARACTER_SET_CLIENT=@OLD_CHARACTER_SET_CLIENT */;
/*!40101 SET CHARACTER_SET_RESULTS=@OLD_CHARACTER_SET_RESULTS */;
/*!40101 SET COLLATION_CONNECTION=@OLD_COLLATION_CONNECTION */;
